unique_id,gender,hold racket handed,play years_0,play years_1,play years_2,level_2,level_3,level_4,level_5
1968,0.9999,1.0000,0.3235,0.6588,0.0177,0.0020,0.9910,0.0002,0.0067
1969,0.8632,1.0000,0.0005,0.9977,0.0018,0.0000,0.0012,0.0000,0.9988
1970,1.0000,1.0000,0.0007,0.9964,0.0029,0.0000,0.0001,0.0000,0.9999
1971,1.0000,1.0000,0.0000,0.9998,0.0001,0.0000,0.0000,0.0000,1.0000
1972,1.0000,1.0000,0.0008,0.0196,0.9796,0.0000,0.4222,0.0002,0.5776
1973,0.9996,1.0000,0.2114,0.1749,0.6137,0.1452,0.8483,0.0010,0.0054
1974,1.0000,1.0000,0.0021,0.9954,0.0024,0.0000,0.0009,0.0000,0.9991
1975,1.0000,1.0000,0.0043,0.9668,0.0289,0.0000,0.0040,0.0001,0.9959
1976,0.9982,1.0000,0.0204,0.9786,0.0010,0.0003,0.6789,0.0001,0.3207
1977,1.0000,1.0000,0.0003,0.9990,0.0007,0.0000,0.0001,0.0000,0.9999
1978,1.0000,1.0000,0.0006,0.9988,0.0006,0.0000,0.0000,0.0000,1.0000
1979,0.9998,1.0000,0.0074,0.9916,0.0010,0.0004,0.0050,0.0001,0.9945
1980,0.0433,0.9877,0.0406,0.0168,0.9426,0.9993,0.0000,0.0002,0.0005
1981,0.9993,0.0017,0.0029,0.9966,0.0005,0.0001,0.0740,0.0001,0.9259
1982,1.0000,1.0000,0.0003,0.9996,0.0001,0.0000,0.0001,0.0000,0.9999
1983,0.9998,0.0003,0.0001,0.9990,0.0009,0.0002,0.0024,0.0000,0.9975
1984,1.0000,0.9757,0.4540,0.5161,0.0299,0.1271,0.0129,0.0584,0.8016
1985,0.9999,0.0001,0.3193,0.6766,0.0041,0.0091,0.6282,0.0006,0.3620
1986,0.9997,1.0000,0.0040,0.9954,0.0006,0.0009,0.1272,0.0001,0.8718
1987,1.0000,1.0000,0.0011,0.9425,0.0564,0.0004,0.3195,0.0004,0.6796
1988,0.9388,0.9999,0.0028,0.0190,0.9782,0.9807,0.0001,0.0013,0.0178
1989,1.0000,1.0000,0.0064,0.9824,0.0113,0.0001,0.2508,0.0001,0.7490
1990,1.0000,0.0015,0.0162,0.9768,0.0070,0.1530,0.3731,0.0024,0.4715
1991,0.9989,1.0000,0.9012,0.0887,0.0101,0.0114,0.9809,0.0003,0.0074
1992,1.0000,1.0000,0.0004,0.0173,0.9823,0.0003,0.5280,0.0001,0.4716
1993,0.2152,0.0005,0.0000,0.9999,0.0000,0.0000,0.0000,0.0000,1.0000
1994,1.0000,1.0000,0.0019,0.9904,0.0077,0.0001,0.9252,0.0001,0.0747
1995,0.8090,1.0000,0.0111,0.9772,0.0117,0.0210,0.9516,0.0001,0.0273
1996,0.0129,1.0000,0.0003,0.9996,0.0002,0.0000,0.0050,0.0000,0.9949
1997,0.5567,1.0000,0.0001,0.9998,0.0001,0.0000,0.0024,0.0000,0.9975
1998,1.0000,1.0000,0.0073,0.9842,0.0085,0.0003,0.2724,0.0001,0.7273
1999,1.0000,1.0000,0.0014,0.9939,0.0048,0.0000,0.0000,0.0000,1.0000
2000,0.7873,1.0000,0.4954,0.2748,0.2298,0.0316,0.9668,0.0002,0.0015
2001,0.3513,1.0000,0.1188,0.8691,0.0122,0.0357,0.7845,0.0011,0.1786
2002,0.9995,1.0000,0.0050,0.9876,0.0074,0.0000,0.9970,0.0000,0.0029
2003,1.0000,1.0000,0.0011,0.2222,0.7766,0.0001,0.1316,0.0000,0.8683
2004,0.9999,0.9998,0.1231,0.7723,0.1046,0.0571,0.0769,0.0098,0.8562
2005,0.0024,0.9988,0.0011,0.0005,0.9984,0.9991,0.0006,0.0003,0.0001
2006,1.0000,0.0000,0.0002,0.9994,0.0004,0.0000,0.0012,0.0000,0.9988
2007,1.0000,0.0000,0.6587,0.3357,0.0056,0.0008,0.9825,0.0000,0.0166
2008,0.9959,0.0002,0.0006,0.9984,0.0011,0.0002,0.0021,0.0001,0.9976
2009,0.2608,0.0012,0.0000,0.9999,0.0001,0.0001,0.0006,0.0000,0.9993
2010,0.1855,0.9993,0.0001,0.9997,0.0001,0.0005,0.0137,0.0000,0.9859
2011,1.0000,0.0000,0.1546,0.8410,0.0044,0.0174,0.1984,0.0002,0.7840
2012,0.9986,0.9999,0.5755,0.2321,0.1924,0.0177,0.9818,0.0000,0.0005
2013,0.5483,0.9998,0.0004,0.9995,0.0001,0.0001,0.0020,0.0000,0.9979
2014,1.0000,1.0000,0.0029,0.9962,0.0009,0.0000,0.0001,0.0000,0.9998
2015,0.9867,0.0004,0.0034,0.9880,0.0086,0.0329,0.0264,0.2284,0.7122
2016,0.3020,0.9997,0.0095,0.9895,0.0010,0.1796,0.5478,0.0005,0.2721
2017,0.9998,1.0000,0.0004,0.9990,0.0005,0.0000,0.0000,0.0000,1.0000
2018,1.0000,1.0000,0.0062,0.9704,0.0235,0.0001,0.9845,0.0000,0.0154
2019,1.0000,1.0000,0.0005,0.9975,0.0020,0.0000,0.0004,0.0000,0.9996
2020,0.2985,0.9983,0.0162,0.0017,0.9820,0.9997,0.0002,0.0000,0.0000
2021,0.9766,0.9923,0.3617,0.1894,0.4490,0.5019,0.0005,0.1337,0.3640
2022,0.2526,0.9982,0.0167,0.0084,0.9749,0.9993,0.0004,0.0002,0.0001
2023,1.0000,1.0000,0.0071,0.7311,0.2618,0.0003,0.8351,0.0005,0.1641
2024,0.9155,1.0000,0.0012,0.9964,0.0024,0.0005,0.9021,0.0001,0.0973
2025,0.9995,0.9998,0.0013,0.9829,0.0158,0.0000,0.0003,0.0000,0.9997
2026,1.0000,1.0000,0.0358,0.2127,0.7515,0.0601,0.9396,0.0001,0.0002
2027,0.9784,1.0000,0.0038,0.0114,0.9848,0.9995,0.0001,0.0002,0.0002
2028,1.0000,0.0000,0.4145,0.5735,0.0120,0.0358,0.5859,0.0001,0.3781
2029,1.0000,1.0000,0.0177,0.9782,0.0041,0.0001,0.9396,0.0001,0.0601
2030,0.5479,1.0000,0.0525,0.9155,0.0320,0.0293,0.9650,0.0002,0.0055
2031,0.9999,1.0000,0.0057,0.9775,0.0168,0.0000,0.9953,0.0001,0.0046
2032,1.0000,1.0000,0.0007,0.9961,0.0032,0.0000,0.0002,0.0000,0.9998
2033,1.0000,0.9999,0.1174,0.6953,0.1872,0.0867,0.0750,0.0084,0.8300
2034,0.7530,1.0000,0.0410,0.8842,0.0749,0.0132,0.9751,0.0002,0.0115
2035,0.9997,0.0000,0.0327,0.9650,0.0024,0.0059,0.7906,0.0008,0.2027
2036,0.9988,1.0000,0.0249,0.9721,0.0031,0.0004,0.4448,0.0000,0.5549
2037,1.0000,1.0000,0.0516,0.8730,0.0754,0.3212,0.6733,0.0002,0.0053
2038,1.0000,1.0000,0.0037,0.9939,0.0024,0.0007,0.5664,0.0001,0.4328
2039,0.9999,1.0000,0.0141,0.8907,0.0952,0.0001,0.9796,0.0003,0.0201
2040,1.0000,1.0000,0.0159,0.9823,0.0018,0.0000,1.0000,0.0000,0.0000
2041,0.3311,1.0000,0.0001,0.9998,0.0000,0.0000,0.0033,0.0000,0.9967
2042,1.0000,1.0000,0.9695,0.0200,0.0105,0.0015,0.9913,0.0004,0.0068
2043,1.0000,1.0000,0.0244,0.9341,0.0415,0.0002,0.1982,0.0008,0.8008
2044,0.0006,1.0000,0.0007,0.0011,0.9982,0.9890,0.0001,0.0001,0.0107
2045,0.9998,1.0000,0.0077,0.5347,0.4576,0.0004,0.3720,0.0000,0.6276
2046,1.0000,1.0000,0.0247,0.9544,0.0209,0.0000,0.0025,0.0001,0.9973
2047,1.0000,1.0000,0.0117,0.0704,0.9179,0.0001,0.9030,0.0001,0.0968
2048,1.0000,1.0000,0.0012,0.9982,0.0006,0.0000,0.9999,0.0000,0.0001
2049,1.0000,1.0000,0.0079,0.9913,0.0008,0.0007,0.2056,0.0003,0.7934
2050,0.9999,1.0000,0.0711,0.9170,0.0119,0.0462,0.0125,0.0001,0.9411
2051,0.9999,0.9999,0.3102,0.1968,0.4930,0.0201,0.8145,0.0195,0.1458
2052,1.0000,1.0000,0.0003,0.9996,0.0001,0.0000,0.0014,0.0000,0.9986
2053,1.0000,1.0000,0.7387,0.1758,0.0855,0.4889,0.0473,0.0009,0.4629
2054,1.0000,1.0000,0.3161,0.0299,0.6540,0.1942,0.8044,0.0005,0.0008
2055,1.0000,1.0000,0.0005,0.9974,0.0021,0.0000,0.0012,0.0000,0.9988
2056,1.0000,1.0000,0.0205,0.0063,0.9733,0.4344,0.5654,0.0001,0.0001
2057,0.9096,1.0000,0.0019,0.9978,0.0003,0.0001,0.9962,0.0000,0.0037
2058,1.0000,0.9999,0.0035,0.9558,0.0407,0.0000,0.0005,0.0000,0.9995
2059,0.1555,0.9999,0.0007,0.9988,0.0005,0.0008,0.0100,0.0000,0.9892
2060,1.0000,1.0000,0.0022,0.9933,0.0045,0.0006,0.6074,0.0002,0.3918
2061,0.8129,1.0000,0.0110,0.9869,0.0021,0.0341,0.9336,0.0003,0.0320
2062,0.9851,1.0000,0.7407,0.0442,0.2151,0.1414,0.0971,0.0123,0.7492
2063,1.0000,1.0000,0.0058,0.6308,0.3634,0.0001,0.9591,0.0003,0.0405
2064,0.9984,0.0000,0.0002,0.9995,0.0003,0.0001,0.0041,0.0000,0.9959
2065,0.9958,0.9999,0.5102,0.0311,0.4586,0.8770,0.1191,0.0004,0.0036
2066,0.4980,1.0000,0.0357,0.0121,0.9523,0.9969,0.0000,0.0023,0.0007
2067,0.9985,0.0001,0.0144,0.9728,0.0128,0.0352,0.1409,0.0412,0.7827
2068,0.9997,0.0001,0.0087,0.9821,0.0092,0.0003,0.1722,0.0003,0.8272
2069,0.9991,1.0000,0.4670,0.4110,0.1220,0.0053,0.9922,0.0002,0.0023
2070,1.0000,1.0000,0.0026,0.9004,0.0970,0.0001,0.0490,0.0002,0.9506
2071,0.9999,0.0000,0.0000,0.9998,0.0002,0.0000,0.0007,0.0000,0.9992
2072,0.2569,0.0131,0.0001,0.9999,0.0001,0.0000,0.0000,0.0000,1.0000
2073,1.0000,0.0002,0.0011,0.9983,0.0006,0.0001,0.1907,0.0000,0.8091
2074,0.0634,0.9999,0.0001,0.9997,0.0001,0.0001,0.0002,0.0000,0.9997
2075,1.0000,1.0000,0.2119,0.2132,0.5749,0.7684,0.2300,0.0003,0.0013
2076,0.9988,0.9999,0.3576,0.5239,0.1185,0.0242,0.9756,0.0000,0.0002
2077,0.9995,1.0000,0.0046,0.9925,0.0028,0.0000,0.9999,0.0000,0.0000
2078,0.9999,0.9999,0.0872,0.8875,0.0254,0.0064,0.9578,0.0077,0.0280
2079,0.0011,1.0000,0.0022,0.0018,0.9960,0.9999,0.0001,0.0000,0.0000
2080,0.9991,1.0000,0.0108,0.5852,0.4040,0.0003,0.6767,0.0008,0.3222
2081,1.0000,0.0001,0.0630,0.9354,0.0016,0.0000,0.8591,0.0000,0.1409
2082,0.9993,1.0000,0.0524,0.0553,0.8923,0.4386,0.0014,0.0031,0.5569
2083,0.0111,0.9999,0.0011,0.9965,0.0024,0.0216,0.4327,0.0005,0.5452
2084,1.0000,1.0000,0.8850,0.1137,0.0013,0.0019,0.9262,0.0030,0.0690
2085,1.0000,1.0000,0.1136,0.8830,0.0034,0.0008,0.5330,0.0011,0.4651
2086,1.0000,1.0000,0.0142,0.9822,0.0036,0.0000,0.0003,0.0000,0.9997
2087,0.9994,1.0000,0.0555,0.9258,0.0187,0.0004,0.9504,0.0004,0.0488
2088,1.0000,1.0000,0.0025,0.9957,0.0019,0.0011,0.3586,0.0001,0.6402
2089,1.0000,1.0000,0.0107,0.9292,0.0601,0.0001,0.9507,0.0001,0.0490
2090,1.0000,1.0000,0.0036,0.9899,0.0065,0.0001,0.9584,0.0000,0.0415
2091,0.9736,0.9999,0.0210,0.9521,0.0269,0.0224,0.9663,0.0001,0.0112
2092,0.1479,0.9973,0.0025,0.9962,0.0012,0.0027,0.0059,0.0000,0.9914
2093,1.0000,1.0000,0.0002,0.9990,0.0008,0.0000,0.0004,0.0000,0.9996
2094,1.0000,1.0000,0.0165,0.9689,0.0146,0.0001,0.9882,0.0001,0.0117
2095,0.9995,0.0001,0.0001,0.9996,0.0003,0.0001,0.0179,0.0000,0.9820
2096,1.0000,0.9999,0.0390,0.0054,0.9555,0.7547,0.2192,0.0080,0.0182
2097,1.0000,0.0001,0.1721,0.8237,0.0042,0.0094,0.8120,0.0011,0.1775
2098,0.9108,1.0000,0.1515,0.0317,0.8168,0.0345,0.9653,0.0001,0.0001
2099,1.0000,1.0000,0.0144,0.9248,0.0608,0.0000,0.9979,0.0001,0.0020
2100,0.9999,0.9999,0.0242,0.6270,0.3488,0.1371,0.0078,0.0004,0.8548
2101,0.9947,0.9999,0.4314,0.0251,0.5435,0.7762,0.2215,0.0004,0.0019
2102,1.0000,0.0001,0.4838,0.5145,0.0017,0.0036,0.6541,0.0016,0.3407
2103,1.0000,1.0000,0.0022,0.9917,0.0062,0.0003,0.0094,0.0002,0.9901
2104,0.9749,0.9999,0.2915,0.0167,0.6918,0.2439,0.7223,0.0061,0.0277
2105,0.9999,1.0000,0.0001,0.9998,0.0001,0.0001,0.0087,0.0000,0.9911
2106,0.2080,1.0000,0.0014,0.9983,0.0003,0.0003,0.0122,0.0000,0.9875
2107,1.0000,1.0000,0.0012,0.9942,0.0046,0.0000,0.0001,0.0000,0.9999
2108,1.0000,1.0000,0.0001,0.9999,0.0001,0.0000,0.0001,0.0000,0.9999
2109,1.0000,1.0000,0.0020,0.9781,0.0199,0.0002,0.8785,0.0000,0.1213
2110,1.0000,1.0000,0.3092,0.5729,0.1178,0.7510,0.1694,0.0020,0.0776
2111,0.9935,1.0000,0.0038,0.0898,0.9064,0.9996,0.0000,0.0002,0.0001
2112,1.0000,0.9999,0.0015,0.9911,0.0074,0.0025,0.7062,0.0010,0.2903
2113,1.0000,1.0000,0.0261,0.0671,0.9069,0.2863,0.7132,0.0003,0.0002
2114,0.9997,0.9999,0.6214,0.3554,0.0232,0.0405,0.0045,0.0054,0.9496
2115,0.0542,1.0000,0.0011,0.9985,0.0003,0.0005,0.0028,0.0000,0.9967
2116,1.0000,1.0000,0.0732,0.5080,0.4187,0.0597,0.9395,0.0000,0.0007
2117,0.9999,1.0000,0.0051,0.0496,0.9453,0.0716,0.9283,0.0000,0.0001
2118,0.9999,1.0000,0.0153,0.9836,0.0011,0.0001,0.0064,0.0000,0.9935
2119,0.9958,0.0017,0.5548,0.4054,0.0398,0.0352,0.9256,0.0002,0.0390
2120,0.9999,0.0000,0.4922,0.4943,0.0135,0.0095,0.8628,0.0005,0.1272
2121,0.9993,1.0000,0.0026,0.9943,0.0030,0.0001,0.0169,0.0000,0.9830
2122,0.9825,1.0000,0.4319,0.4803,0.0878,0.0167,0.9824,0.0001,0.0008
2123,0.9988,1.0000,0.0000,0.9999,0.0001,0.0000,0.0001,0.0000,0.9999
2124,0.0050,1.0000,0.0020,0.9977,0.0004,0.0010,0.0114,0.0000,0.9875
2125,1.0000,1.0000,0.0005,0.9986,0.0009,0.0000,0.0002,0.0000,0.9998
2126,0.7716,0.0001,0.0004,0.9985,0.0011,0.0001,0.0022,0.0000,0.9977
2127,0.0073,0.9991,0.0001,0.9998,0.0002,0.0025,0.0009,0.0000,0.9965
2128,1.0000,1.0000,0.0002,0.9995,0.0004,0.0000,0.0005,0.0000,0.9995
2129,1.0000,1.0000,0.0014,0.9978,0.0008,0.0001,0.0162,0.0000,0.9837
2130,0.9989,0.0000,0.0004,0.9994,0.0003,0.0006,0.3109,0.0005,0.6880
2131,1.0000,1.0000,0.0110,0.6380,0.3510,0.0004,0.7422,0.0002,0.2572
2132,0.9997,0.9999,0.7219,0.0632,0.2149,0.0108,0.9890,0.0001,0.0001
2133,0.9998,1.0000,0.0001,0.9999,0.0001,0.0000,0.0007,0.0000,0.9993
2134,1.0000,1.0000,0.0359,0.9442,0.0199,0.0000,0.0034,0.0000,0.9966
2135,0.9999,0.0000,0.2575,0.7328,0.0098,0.0019,0.9590,0.0001,0.0390
2136,0.9998,1.0000,0.0010,0.1149,0.8841,0.4394,0.5485,0.0003,0.0119
2137,0.9985,0.0001,0.0004,0.9993,0.0003,0.0000,0.0149,0.0001,0.9850
2138,0.7823,1.0000,0.0008,0.9987,0.0005,0.0000,0.0003,0.0000,0.9997
2139,1.0000,1.0000,0.0070,0.9925,0.0005,0.0003,0.1389,0.0001,0.8607
2140,1.0000,1.0000,0.0006,0.9986,0.0008,0.0000,0.0002,0.0000,0.9998
2141,0.9702,0.9999,0.3507,0.5348,0.1145,0.0783,0.8839,0.0001,0.0377
2142,0.9986,0.0060,0.0003,0.9989,0.0007,0.0000,0.0020,0.0000,0.9979
2143,0.9998,0.9999,0.0150,0.8766,0.1084,0.0007,0.7151,0.0005,0.2837
2144,0.9964,1.0000,0.0021,0.9968,0.0011,0.0004,0.8735,0.0001,0.1260
2145,1.0000,1.0000,0.9892,0.0087,0.0021,0.0013,0.9971,0.0004,0.0012
2146,1.0000,1.0000,0.0001,0.9997,0.0002,0.0000,0.0002,0.0000,0.9998
2147,0.0030,0.9999,0.0001,0.9997,0.0003,0.0000,0.0002,0.0000,0.9998
2148,0.7911,1.0000,0.0003,0.9991,0.0006,0.0000,0.0008,0.0000,0.9992
2149,0.9999,0.0001,0.0004,0.9987,0.0010,0.0012,0.0342,0.0001,0.9645
2150,0.9081,0.0000,0.0023,0.9970,0.0007,0.0072,0.5948,0.0000,0.3980
2151,1.0000,1.0000,0.0460,0.0985,0.8555,0.9567,0.0368,0.0012,0.0053
2152,0.0058,0.9999,0.0003,0.9991,0.0006,0.0000,0.0001,0.0000,0.9999
2153,0.1081,1.0000,0.0031,0.0026,0.9944,0.9954,0.0003,0.0001,0.0043
2154,1.0000,1.0000,0.0015,0.4195,0.5790,0.0000,0.9536,0.0000,0.0463
2155,0.9995,0.0049,0.0002,0.9990,0.0008,0.0001,0.0118,0.0000,0.9881
2156,0.8644,0.9999,0.0047,0.2938,0.7015,0.5383,0.4517,0.0003,0.0096
2157,0.9336,1.0000,0.0149,0.9848,0.0003,0.0001,0.0083,0.0000,0.9916
2158,1.0000,0.0000,0.0000,0.9999,0.0001,0.0000,0.0013,0.0000,0.9986
2159,1.0000,1.0000,0.0051,0.2733,0.7216,0.0002,0.8675,0.0000,0.1323
2160,1.0000,1.0000,0.0004,0.9968,0.0028,0.0000,0.0019,0.0000,0.9980
2161,1.0000,1.0000,0.0442,0.9328,0.0229,0.0008,0.4360,0.0019,0.5614
2162,0.0012,0.9999,0.0001,0.9998,0.0001,0.0000,0.0001,0.0000,0.9999
2163,1.0000,1.0000,0.0027,0.9923,0.0050,0.0000,0.9959,0.0000,0.0041
2164,0.6890,1.0000,0.0005,0.9989,0.0006,0.0005,0.0042,0.0000,0.9952
2165,1.0000,1.0000,0.0072,0.8904,0.1025,0.0000,0.0104,0.0001,0.9895
2166,0.9997,1.0000,0.0432,0.0303,0.9266,0.9879,0.0003,0.0013,0.0105
2167,0.9996,1.0000,0.0013,0.9983,0.0004,0.0005,0.1664,0.0001,0.8329
2168,0.9980,0.0001,0.0002,0.9992,0.0006,0.0000,0.0007,0.0000,0.9992
2169,0.0060,0.9999,0.4193,0.0582,0.5225,0.9614,0.0003,0.0087,0.0297
2170,1.0000,1.0000,0.0026,0.0196,0.9778,0.0000,0.9246,0.0000,0.0753
2171,0.7134,0.9999,0.2925,0.3167,0.3908,0.4253,0.1794,0.0077,0.3876
2172,0.9858,1.0000,0.0379,0.9372,0.0248,0.0083,0.9811,0.0002,0.0103
2173,0.9934,0.0076,0.0003,0.9994,0.0004,0.0003,0.0251,0.0000,0.9745
2175,1.0000,0.0001,0.9150,0.0781,0.0069,0.0011,0.9963,0.0000,0.0026
2176,1.0000,1.0000,0.5160,0.1985,0.2855,0.6652,0.0556,0.0086,0.2707
2177,0.2322,0.9998,0.0025,0.9958,0.0017,0.0003,0.0061,0.0000,0.9936
2178,0.9963,1.0000,0.0136,0.9808,0.0056,0.0010,0.0601,0.0001,0.9388
2179,0.9973,0.9997,0.0875,0.7249,0.1876,0.0080,0.2503,0.0013,0.7404
2180,0.9941,0.0001,0.0012,0.9982,0.0006,0.0076,0.6179,0.0001,0.3744
2181,0.9997,1.0000,0.0566,0.9065,0.0369,0.1715,0.8115,0.0008,0.0163
2183,1.0000,1.0000,0.9198,0.0775,0.0027,0.0015,0.9268,0.0005,0.0712
2184,1.0000,1.0000,0.8915,0.0657,0.0427,0.3077,0.0976,0.0213,0.5735
2185,0.9998,1.0000,0.1914,0.7497,0.0589,0.0912,0.8996,0.0003,0.0089
2186,0.9902,0.0001,0.0002,0.9993,0.0005,0.0001,0.0287,0.0000,0.9712
2187,0.9994,1.0000,0.1877,0.5833,0.2290,0.1266,0.8659,0.0004,0.0071
2188,1.0000,1.0000,0.0042,0.9904,0.0054,0.0002,0.8757,0.0002,0.1238
2189,1.0000,1.0000,0.0116,0.9720,0.0164,0.0481,0.1458,0.0005,0.8056
2190,1.0000,1.0000,0.0005,0.9024,0.0971,0.0001,0.0953,0.0000,0.9045
2191,0.9998,0.0003,0.0031,0.9935,0.0034,0.0167,0.6536,0.0002,0.3296
2192,1.0000,1.0000,0.0011,0.9981,0.0008,0.0000,0.0001,0.0000,0.9999
2193,1.0000,1.0000,0.0003,0.9988,0.0009,0.0002,0.6985,0.0001,0.3012
2194,0.9662,1.0000,0.0006,0.9993,0.0001,0.0000,0.9996,0.0000,0.0004
2195,0.3930,1.0000,0.0009,0.9987,0.0005,0.0000,0.0096,0.0000,0.9903
2196,0.9979,1.0000,0.0132,0.9772,0.0096,0.0000,0.0036,0.0000,0.9963
2197,1.0000,0.0001,0.0000,0.9999,0.0000,0.0000,0.0029,0.0000,0.9970
2198,0.5041,1.0000,0.0009,0.9987,0.0004,0.0000,0.9971,0.0000,0.0029
2199,0.9988,1.0000,0.0029,0.9962,0.0010,0.0000,0.0144,0.0000,0.9856
2200,0.9998,0.9999,0.0214,0.9758,0.0028,0.0278,0.0058,0.0003,0.9661
2201,1.0000,1.0000,0.9172,0.0464,0.0364,0.1356,0.6415,0.0004,0.2225
2202,0.0591,1.0000,0.0082,0.9900,0.0018,0.0041,0.1058,0.0001,0.8900
2203,0.5657,1.0000,0.0000,0.9999,0.0000,0.0000,0.0017,0.0000,0.9982
2204,0.9984,0.0002,0.0008,0.9985,0.0007,0.0002,0.0034,0.0000,0.9963
2205,1.0000,1.0000,0.0260,0.9667,0.0073,0.3386,0.2846,0.0004,0.3764
2206,0.6963,1.0000,0.0004,0.9996,0.0000,0.0000,0.0061,0.0000,0.9938
2207,1.0000,0.9992,0.1575,0.1631,0.6794,0.6244,0.0493,0.0050,0.3213
2208,0.3952,1.0000,0.0016,0.9984,0.0000,0.0000,0.0003,0.0000,0.9997
2209,0.9967,1.0000,0.1319,0.8043,0.0638,0.0063,0.0001,0.0001,0.9935
2210,0.9997,1.0000,0.0002,0.9997,0.0002,0.0003,0.0061,0.0001,0.9936
2211,0.9998,1.0000,0.1972,0.2835,0.5193,0.6857,0.3096,0.0010,0.0037
2212,0.9582,1.0000,0.0099,0.9865,0.0036,0.0182,0.9591,0.0004,0.0223
2213,1.0000,0.0001,0.0998,0.8903,0.0099,0.0123,0.9587,0.0000,0.0290
2214,0.9953,1.0000,0.0007,0.9983,0.0009,0.0004,0.4697,0.0001,0.5298
2215,1.0000,1.0000,0.0012,0.0679,0.9309,0.0001,0.7446,0.0001,0.2552
2216,1.0000,0.0001,0.4592,0.5393,0.0016,0.0031,0.9106,0.0048,0.0815
2217,0.8821,0.9999,0.0024,0.9801,0.0175,0.0959,0.8861,0.0003,0.0176
2218,0.9996,1.0000,0.0005,0.9987,0.0008,0.0019,0.0295,0.0001,0.9685
2219,1.0000,1.0000,0.9085,0.0898,0.0017,0.0039,0.9034,0.0128,0.0798
2220,0.9954,0.0081,0.0006,0.9980,0.0014,0.0009,0.0617,0.0000,0.9374
2221,0.9351,1.0000,0.0690,0.9241,0.0069,0.0090,0.9870,0.0001,0.0040
2222,0.0655,1.0000,0.0003,0.9994,0.0003,0.0014,0.0303,0.0001,0.9682
2223,0.9433,0.0001,0.0006,0.9992,0.0002,0.0001,0.0161,0.0001,0.9836
2224,0.9997,1.0000,0.0025,0.9953,0.0022,0.0000,0.9999,0.0000,0.0001
2225,1.0000,1.0000,0.0018,0.9970,0.0011,0.0000,0.0000,0.0000,0.9999
2226,0.9905,0.0001,0.0014,0.9983,0.0003,0.0050,0.2650,0.0001,0.7299
2227,0.9988,1.0000,0.2391,0.0289,0.7320,0.0492,0.9452,0.0001,0.0055
2228,0.9861,0.0026,0.0368,0.9311,0.0321,0.0049,0.0114,0.0030,0.9807
2229,1.0000,1.0000,0.0002,0.9982,0.0016,0.0000,0.0000,0.0000,1.0000
2230,0.9999,0.9999,0.0050,0.9908,0.0042,0.0195,0.3676,0.0012,0.6117
2231,0.9999,1.0000,0.3159,0.5723,0.1118,0.0737,0.9005,0.0009,0.0249
2232,1.0000,1.0000,0.1613,0.5691,0.2696,0.2683,0.0051,0.0012,0.7254
2233,1.0000,0.0000,0.0031,0.9950,0.0019,0.0285,0.1229,0.0001,0.8485
2234,0.9988,1.0000,0.4097,0.5178,0.0725,0.1220,0.0232,0.0042,0.8506
2235,1.0000,1.0000,0.0046,0.9912,0.0041,0.0001,0.0273,0.0001,0.9725
2236,1.0000,1.0000,0.0050,0.9663,0.0287,0.0000,0.0001,0.0000,0.9998
2237,0.9999,0.9997,0.0646,0.9160,0.0194,0.0033,0.2852,0.0008,0.7108
2238,0.9760,0.9999,0.7862,0.1385,0.0753,0.0050,0.9929,0.0004,0.0016
2239,0.0158,0.9999,0.0003,0.9994,0.0003,0.0002,0.0023,0.0000,0.9974
2240,0.0088,1.0000,0.0002,0.9991,0.0008,0.0004,0.0139,0.0000,0.9857
2241,1.0000,1.0000,0.9793,0.0188,0.0019,0.0012,0.9926,0.0006,0.0056
2243,0.8171,1.0000,0.0004,0.9996,0.0000,0.0000,0.9977,0.0000,0.0023
2244,1.0000,1.0000,0.0007,0.0353,0.9639,0.0000,0.9934,0.0000,0.0066
2245,0.9902,0.0001,0.0001,0.9998,0.0002,0.0001,0.0042,0.0000,0.9957
2246,0.9999,0.9999,0.0056,0.9809,0.0136,0.0372,0.7718,0.0052,0.1857
2247,1.0000,1.0000,0.0009,0.9979,0.0012,0.0000,0.0001,0.0000,0.9999
2248,0.9999,1.0000,0.0072,0.8855,0.1073,0.0001,0.2883,0.0002,0.7114
2249,0.9996,1.0000,0.0097,0.7287,0.2616,0.0008,0.5651,0.0010,0.4332
2250,1.0000,1.0000,0.0002,0.9980,0.0019,0.0000,0.0002,0.0000,0.9998
2251,0.9966,0.0002,0.0114,0.9866,0.0020,0.0002,0.0239,0.0009,0.9750
2252,1.0000,0.9999,0.8332,0.0192,0.1475,0.0529,0.8714,0.0054,0.0702
2253,0.9999,1.0000,0.0022,0.3881,0.6097,0.0002,0.3324,0.0001,0.6673
2254,0.5183,1.0000,0.0006,0.9985,0.0010,0.0000,0.0000,0.0000,1.0000
2255,1.0000,1.0000,0.0013,0.9984,0.0003,0.0005,0.0473,0.0001,0.9521
2256,1.0000,1.0000,0.1607,0.0165,0.8228,0.4113,0.5875,0.0002,0.0011
2257,0.8434,0.9999,0.0009,0.9989,0.0003,0.0005,0.0113,0.0001,0.9882
2258,1.0000,0.0000,0.3998,0.5968,0.0033,0.0024,0.9038,0.0000,0.0938
2259,1.0000,1.0000,0.1044,0.0298,0.8659,0.6011,0.3973,0.0005,0.0011
2260,0.9999,0.9999,0.0011,0.9985,0.0004,0.0000,0.0049,0.0000,0.9951
2261,0.9139,1.0000,0.2750,0.2892,0.4358,0.1518,0.8464,0.0001,0.0016
2262,0.9997,1.0000,0.0024,0.9923,0.0053,0.0000,0.9880,0.0000,0.0119
2263,0.9998,1.0000,0.0101,0.9889,0.0011,0.0001,0.0243,0.0001,0.9755
2264,0.7598,1.0000,0.0011,0.9988,0.0001,0.0002,0.9567,0.0000,0.0430
2265,1.0000,1.0000,0.0039,0.8513,0.1448,0.0001,0.6412,0.0001,0.3587
2266,0.9999,1.0000,0.0138,0.5107,0.4754,0.0003,0.9202,0.0001,0.0793
2267,1.0000,1.0000,0.0190,0.1328,0.8482,0.9146,0.0445,0.0041,0.0367
2268,0.9999,0.9999,0.0158,0.9111,0.0731,0.0009,0.0563,0.0004,0.9425
2269,0.9980,1.0000,0.3596,0.1425,0.4979,0.0538,0.9460,0.0001,0.0001
2270,1.0000,0.0000,0.4991,0.4941,0.0068,0.0032,0.8474,0.0005,0.1489
2271,0.9221,1.0000,0.0098,0.9899,0.0003,0.0002,0.0123,0.0001,0.9875
2272,1.0000,1.0000,0.0008,0.0419,0.9573,0.0001,0.2804,0.0001,0.7194
2273,1.0000,0.9999,0.3947,0.6015,0.0038,0.0017,0.0007,0.0005,0.9972
2274,0.9913,1.0000,0.0002,0.9992,0.0006,0.0000,0.0025,0.0000,0.9975
2275,0.9925,1.0000,0.0006,0.0076,0.9918,0.9996,0.0000,0.0001,0.0003
2276,1.0000,1.0000,0.0008,0.9982,0.0010,0.0000,0.0000,0.0000,1.0000
2277,0.9982,1.0000,0.0058,0.9603,0.0340,0.0002,0.9680,0.0001,0.0317
2278,0.9993,0.0001,0.0029,0.9964,0.0008,0.0064,0.2949,0.0001,0.6986
2279,0.9951,0.9999,0.1232,0.1873,0.6895,0.7630,0.0027,0.0278,0.2064
2280,0.9278,0.0003,0.0000,0.9998,0.0002,0.0000,0.0001,0.0000,0.9999
2281,1.0000,0.0000,0.0001,0.9998,0.0001,0.0001,0.0067,0.0000,0.9933
2282,0.9999,1.0000,0.0044,0.9954,0.0003,0.0004,0.5164,0.0004,0.4828
2283,0.4231,1.0000,0.0130,0.0046,0.9824,0.7996,0.0003,0.0018,0.1982
2284,0.9971,1.0000,0.0268,0.9401,0.0331,0.0024,0.9471,0.0003,0.0503
2285,1.0000,0.9999,0.6790,0.1168,0.2042,0.0055,0.9942,0.0001,0.0003
2286,0.9818,1.0000,0.0008,0.9977,0.0015,0.0003,0.5729,0.0003,0.4265
2287,0.9500,1.0000,0.0001,0.9976,0.0022,0.0001,0.0001,0.0000,0.9998
2288,1.0000,1.0000,0.7550,0.2250,0.0200,0.0955,0.3054,0.0093,0.5898
2289,0.7827,1.0000,0.0424,0.9130,0.0445,0.0803,0.9096,0.0001,0.0101
2290,0.2958,0.9869,0.1282,0.0689,0.8028,0.9071,0.0002,0.0080,0.0847
2291,0.9998,1.0000,0.2924,0.5576,0.1501,0.0228,0.9425,0.0004,0.0342
2292,0.2189,1.0000,0.0014,0.9980,0.0005,0.0000,0.0002,0.0000,0.9998
2293,0.8387,1.0000,0.0216,0.0387,0.9397,0.9941,0.0001,0.0041,0.0017
2294,1.0000,0.0000,0.9157,0.0805,0.0038,0.0009,0.9966,0.0000,0.0025
2295,1.0000,0.9998,0.1740,0.7682,0.0578,0.0496,0.1849,0.0039,0.7616
2296,0.9971,1.0000,0.0854,0.8194,0.0952,0.0155,0.9676,0.0005,0.0165
2297,1.0000,1.0000,0.0019,0.9954,0.0028,0.0000,0.0005,0.0000,0.9995
2298,0.9995,1.0000,0.0007,0.9985,0.0008,0.0000,0.0052,0.0000,0.9947
2299,0.9999,0.9999,0.0937,0.3017,0.6046,0.1637,0.8345,0.0004,0.0014
2300,1.0000,1.0000,0.0037,0.9901,0.0062,0.0033,0.6260,0.0002,0.3705
2301,1.0000,1.0000,0.0210,0.6979,0.2811,0.0002,0.4437,0.0000,0.5561
2302,1.0000,1.0000,0.0143,0.5720,0.4137,0.0001,0.9629,0.0002,0.0368
2303,1.0000,1.0000,0.0002,0.9994,0.0005,0.0000,0.0001,0.0000,0.9999
2304,0.9979,1.0000,0.2734,0.3155,0.4111,0.1883,0.0036,0.0004,0.8077
2305,0.9960,0.0001,0.0006,0.9987,0.0007,0.0001,0.0211,0.0002,0.9786
2307,1.0000,0.0001,0.0001,0.9997,0.0003,0.0000,0.0017,0.0000,0.9983
2308,1.0000,0.0000,0.0000,0.9998,0.0001,0.0000,0.0015,0.0000,0.9984
2309,1.0000,1.0000,0.0011,0.9973,0.0016,0.0004,0.4881,0.0002,0.5113
2310,1.0000,1.0000,0.0070,0.8244,0.1687,0.0002,0.7682,0.0004,0.2311
2311,0.9988,0.0000,0.5926,0.3893,0.0181,0.0063,0.9802,0.0001,0.0134
2312,0.0448,1.0000,0.0002,0.9996,0.0002,0.0004,0.0366,0.0000,0.9630
2313,0.7089,1.0000,0.0012,0.9979,0.0010,0.0000,0.0038,0.0000,0.9961
2314,0.4170,1.0000,0.0087,0.9684,0.0230,0.0153,0.9717,0.0000,0.0130
2315,0.0001,1.0000,0.0003,0.9990,0.0008,0.0011,0.0004,0.0000,0.9986
2316,0.9999,1.0000,0.0548,0.9255,0.0196,0.0003,0.9125,0.0002,0.0871
2317,1.0000,1.0000,0.0098,0.9831,0.0071,0.0000,0.9975,0.0000,0.0024
2318,1.0000,1.0000,0.0014,0.9976,0.0010,0.0001,0.0093,0.0000,0.9906
2319,1.0000,1.0000,0.0083,0.9771,0.0146,0.0002,0.4081,0.0005,0.5911
2320,0.9997,0.9999,0.1248,0.1177,0.7575,0.6593,0.2055,0.0008,0.1343
2321,0.9946,1.0000,0.0007,0.9860,0.0134,0.0000,0.0000,0.0000,1.0000
2322,0.9991,1.0000,0.2165,0.4543,0.3292,0.7374,0.1163,0.0004,0.1459
2323,1.0000,1.0000,0.0008,0.9985,0.0007,0.0003,0.0590,0.0000,0.9407
2324,1.0000,1.0000,0.0004,0.9995,0.0001,0.0000,0.0000,0.0000,1.0000
2325,0.2093,1.0000,0.0022,0.9796,0.0182,0.0006,0.0037,0.0000,0.9956
2326,1.0000,1.0000,0.0014,0.9957,0.0029,0.0000,0.9956,0.0001,0.0043
2327,0.9999,1.0000,0.0146,0.9722,0.0131,0.0000,0.9954,0.0001,0.0045
2328,1.0000,1.0000,0.0130,0.9835,0.0035,0.0001,0.0683,0.0001,0.9314
2329,0.9951,0.9994,0.0333,0.4971,0.4696,0.0007,0.0022,0.0001,0.9970
2330,0.9970,1.0000,0.0119,0.9874,0.0007,0.0000,0.0007,0.0000,0.9993
2331,1.0000,1.0000,0.0001,0.9998,0.0001,0.0000,0.0000,0.0000,1.0000
2332,1.0000,1.0000,0.0095,0.9879,0.0026,0.0003,0.9362,0.0000,0.0634
2333,0.5417,0.9999,0.0002,0.9994,0.0004,0.0002,0.0039,0.0000,0.9959
2334,0.9752,1.0000,0.8893,0.0710,0.0397,0.0089,0.9838,0.0001,0.0072
2335,0.4043,0.9998,0.0002,0.9996,0.0001,0.0001,0.0045,0.0000,0.9954
2336,1.0000,1.0000,0.0102,0.9860,0.0039,0.0000,0.0024,0.0000,0.9976
2337,0.9997,0.0005,0.0312,0.9681,0.0007,0.0014,0.6510,0.0011,0.3465
2338,1.0000,1.0000,0.0520,0.9445,0.0035,0.0002,0.7150,0.0005,0.2843
2339,0.9312,0.9999,0.0020,0.9971,0.0009,0.0003,0.0565,0.0000,0.9432
2340,0.9901,1.0000,0.0025,0.9967,0.0008,0.0000,0.0001,0.0000,0.9998
2341,1.0000,1.0000,0.0329,0.9640,0.0031,0.0009,0.7919,0.0002,0.2069
2342,0.9999,1.0000,0.0114,0.9629,0.0256,0.0009,0.4191,0.0007,0.5794
2343,1.0000,1.0000,0.0194,0.9624,0.0182,0.0001,0.0200,0.0001,0.9798
2344,0.9949,1.0000,0.2439,0.6575,0.0986,0.1854,0.7739,0.0007,0.0399
2345,0.9997,1.0000,0.0038,0.9884,0.0077,0.0000,0.9991,0.0000,0.0008
2346,1.0000,0.0000,0.4625,0.5272,0.0104,0.0028,0.8803,0.0008,0.1160
2347,0.9985,0.9999,0.0090,0.9905,0.0005,0.0003,0.0005,0.0002,0.9990
2348,0.6535,1.0000,0.0162,0.9786,0.0052,0.0580,0.9247,0.0006,0.0167
2349,0.9999,1.0000,0.0041,0.8190,0.1769,0.0001,0.0860,0.0000,0.9139
2350,1.0000,1.0000,0.0282,0.9460,0.0258,0.0003,0.1275,0.0004,0.8718
2351,1.0000,0.0001,0.7231,0.2709,0.0060,0.0216,0.6363,0.0004,0.3417
2352,0.7897,0.9999,0.0001,0.9999,0.0001,0.0002,0.0028,0.0000,0.9970
2353,0.9776,1.0000,0.0030,0.9964,0.0007,0.0001,0.0022,0.0000,0.9977
2354,0.9843,0.9999,0.0243,0.9755,0.0002,0.0001,0.0004,0.0002,0.9993
2355,1.0000,1.0000,0.0555,0.9195,0.0250,0.0000,0.9999,0.0000,0.0001
2356,0.9996,1.0000,0.0037,0.9941,0.0023,0.0006,0.0531,0.0001,0.9461
2357,0.9999,1.0000,0.0090,0.4207,0.5703,0.0001,0.9698,0.0002,0.0299
2358,0.9998,0.9999,0.8468,0.1018,0.0515,0.0558,0.9397,0.0013,0.0031
2359,1.0000,1.0000,0.0112,0.8913,0.0974,0.0004,0.5327,0.0008,0.4661
2360,0.9977,1.0000,0.0018,0.9869,0.0113,0.0001,0.9565,0.0001,0.0433
2361,0.3089,1.0000,0.0005,0.9986,0.0009,0.0005,0.0798,0.0000,0.9197
2362,0.9638,1.0000,0.4902,0.4958,0.0140,0.0025,0.9970,0.0001,0.0004
2363,1.0000,1.0000,0.9323,0.0634,0.0044,0.0046,0.9444,0.0028,0.0483
2364,0.9994,1.0000,0.0000,0.9998,0.0002,0.0000,0.0000,0.0000,1.0000
2365,1.0000,1.0000,0.6707,0.1425,0.1868,0.0122,0.8147,0.0067,0.1664
2366,0.9998,1.0000,0.0058,0.9877,0.0065,0.0002,0.8338,0.0001,0.1660
2367,1.0000,0.0000,0.3294,0.6657,0.0048,0.0113,0.8248,0.0006,0.1633
2368,0.9992,1.0000,0.0002,0.9996,0.0002,0.0000,0.0000,0.0000,1.0000
2369,0.9972,1.0000,0.0157,0.7015,0.2828,0.0430,0.9561,0.0000,0.0008
2370,1.0000,1.0000,0.0000,0.9999,0.0001,0.0001,0.0007,0.0000,0.9992
2371,1.0000,1.0000,0.0030,0.9966,0.0003,0.0012,0.2238,0.0003,0.7747
2372,0.9999,1.0000,0.1793,0.7448,0.0760,0.0860,0.0015,0.0006,0.9119
2373,0.9998,1.0000,0.0282,0.0240,0.9478,0.9777,0.0218,0.0001,0.0003
2374,0.9981,1.0000,0.1385,0.8575,0.0040,0.0000,0.9998,0.0000,0.0002
2375,0.9995,0.9999,0.0033,0.9858,0.0109,0.0001,0.0300,0.0000,0.9698
2376,1.0000,1.0000,0.0006,0.9945,0.0049,0.0001,0.4163,0.0000,0.5836
2377,1.0000,1.0000,0.0098,0.9766,0.0136,0.0000,0.9741,0.0000,0.0259
2378,1.0000,0.9999,0.5852,0.4113,0.0035,0.0023,0.0246,0.0193,0.9539
2379,0.9998,0.9999,0.0003,0.9995,0.0002,0.0183,0.0032,0.0006,0.9779
2380,1.0000,1.0000,0.0161,0.9827,0.0011,0.0008,0.1040,0.0001,0.8951
2381,0.9993,0.8837,0.1005,0.5015,0.3979,0.1995,0.0048,0.1652,0.6304
2382,0.9997,1.0000,0.0649,0.0413,0.8937,0.0530,0.9469,0.0001,0.0001
2383,0.7577,0.9999,0.0040,0.9877,0.0083,0.0083,0.1114,0.0005,0.8798
2384,1.0000,1.0000,0.0095,0.9856,0.0049,0.0003,0.2978,0.0001,0.7019
2385,0.9999,1.0000,0.0062,0.9845,0.0093,0.0000,0.9999,0.0000,0.0001
2386,0.9974,0.0000,0.0002,0.9996,0.0003,0.0001,0.0112,0.0000,0.9887
2387,0.5446,0.9154,0.0080,0.8316,0.1604,0.0710,0.0317,0.0071,0.8902
2388,0.9997,1.0000,0.0029,0.9967,0.0004,0.0000,0.0191,0.0000,0.9808
2389,0.9993,1.0000,0.8411,0.1081,0.0508,0.0010,0.9990,0.0000,0.0000
2390,0.9210,1.0000,0.0123,0.9795,0.0082,0.0000,0.0004,0.0000,0.9995
2391,0.9635,1.0000,0.0002,0.9998,0.0000,0.0000,0.0007,0.0000,0.9993
2392,0.6707,1.0000,0.0029,0.9970,0.0002,0.0001,0.9934,0.0000,0.0065
2393,1.0000,1.0000,0.0001,0.9998,0.0001,0.0001,0.0010,0.0000,0.9989
2394,0.9999,1.0000,0.0045,0.9927,0.0028,0.0000,0.9987,0.0000,0.0013
2395,0.9958,1.0000,0.3522,0.3450,0.3029,0.3634,0.3682,0.0032,0.2652
2396,0.9999,0.9999,0.6585,0.2831,0.0583,0.0203,0.9697,0.0009,0.0090
2397,1.0000,1.0000,0.0020,0.1843,0.8137,0.0001,0.0277,0.0000,0.9722
2398,0.9964,1.0000,0.8121,0.1268,0.0611,0.0239,0.9491,0.0006,0.0264
2399,0.0809,0.9998,0.0546,0.1008,0.8446,0.6497,0.0093,0.0062,0.3347
2400,0.8996,1.0000,0.0008,0.9988,0.0004,0.0000,0.0002,0.0000,0.9998
2401,0.0031,1.0000,0.0002,0.9996,0.0002,0.0000,0.0012,0.0000,0.9988
2402,0.9999,0.0000,0.0393,0.9561,0.0046,0.0094,0.8529,0.0007,0.1371
2403,1.0000,1.0000,0.0106,0.9726,0.0168,0.0006,0.3286,0.0001,0.6707
2404,0.9999,1.0000,0.0000,1.0000,0.0000,0.0000,0.0000,0.0000,1.0000
2405,0.4020,1.0000,0.0001,0.9997,0.0001,0.0004,0.0119,0.0000,0.9877
2406,1.0000,0.0000,0.0046,0.9929,0.0026,0.0241,0.1285,0.0001,0.8474
2407,1.0000,1.0000,0.1515,0.2774,0.5711,0.3476,0.6499,0.0002,0.0023
2408,1.0000,0.0005,0.9132,0.0825,0.0043,0.0311,0.8622,0.0004,0.1063
2409,1.0000,1.0000,0.0005,0.9426,0.0568,0.0000,0.0000,0.0000,1.0000
2410,0.9993,0.9999,0.5005,0.3558,0.1437,0.0993,0.8858,0.0069,0.0080
2411,0.9999,1.0000,0.0025,0.6095,0.3880,0.0005,0.0782,0.0000,0.9213
2412,0.8692,1.0000,0.0030,0.9910,0.0060,0.0001,0.9749,0.0000,0.0250
2413,1.0000,0.0001,0.3255,0.6691,0.0054,0.0116,0.2070,0.0061,0.7754
2414,1.0000,1.0000,0.2415,0.0312,0.7272,0.4923,0.4474,0.0255,0.0347
2415,0.9976,1.0000,0.9125,0.0378,0.0497,0.0034,0.9960,0.0001,0.0004
2416,0.0066,0.9986,0.0741,0.0032,0.9227,0.9986,0.0010,0.0002,0.0002
2417,0.9999,1.0000,0.0016,0.9977,0.0007,0.0006,0.1516,0.0001,0.8477
2418,0.1924,0.9994,0.0001,0.9994,0.0005,0.0006,0.0358,0.0000,0.9637
2419,1.0000,1.0000,0.0010,0.9876,0.0113,0.0001,0.0859,0.0000,0.9140
2420,0.9998,0.9998,0.1972,0.7777,0.0251,0.0133,0.9358,0.0028,0.0481
2421,0.2658,1.0000,0.0000,0.9998,0.0002,0.0001,0.0188,0.0000,0.9811
2422,1.0000,1.0000,0.0002,0.9996,0.0002,0.0000,0.0002,0.0000,0.9998
2423,0.9811,0.9999,0.4319,0.0433,0.5248,0.7873,0.1060,0.0053,0.1013
2424,0.9994,1.0000,0.1072,0.8790,0.0137,0.0011,0.3984,0.0014,0.5991
2425,0.9879,1.0000,0.6952,0.1287,0.1761,0.1553,0.0486,0.0006,0.7955
2426,1.0000,0.9848,0.2865,0.4680,0.2455,0.7596,0.0125,0.0094,0.2185
2427,0.9997,0.0002,0.0007,0.9967,0.0026,0.0005,0.0169,0.0002,0.9824
2429,0.9975,1.0000,0.6683,0.2418,0.0899,0.0053,0.9925,0.0004,0.0018
2430,1.0000,0.9659,0.0574,0.9269,0.0157,0.1197,0.0060,0.0184,0.8559
2431,1.0000,1.0000,0.0369,0.9620,0.0011,0.0002,0.9508,0.0000,0.0490
2432,1.0000,1.0000,0.0111,0.4219,0.5670,0.0001,0.0317,0.0000,0.9682
2433,1.0000,1.0000,0.0004,0.9991,0.0005,0.0000,0.0004,0.0000,0.9996
2434,0.9998,1.0000,0.0002,0.9970,0.0028,0.0002,0.0208,0.0000,0.9790
2435,0.0256,0.9993,0.0002,0.9992,0.0006,0.0047,0.0065,0.0000,0.9888
2436,0.9996,0.0001,0.0001,0.9997,0.0002,0.0001,0.0200,0.0000,0.9799
2437,0.0505,1.0000,0.0001,0.9996,0.0004,0.0000,0.0017,0.0000,0.9983
2438,0.9987,0.0028,0.0842,0.6233,0.2925,0.1112,0.7817,0.0103,0.0969
2439,1.0000,1.0000,0.0032,0.9748,0.0219,0.0000,0.0108,0.0000,0.9891
2440,1.0000,1.0000,0.0062,0.9726,0.0212,0.0001,0.0235,0.0001,0.9762
2441,0.9586,0.9999,0.0038,0.9550,0.0412,0.0927,0.0790,0.0030,0.8254
2442,1.0000,1.0000,0.0024,0.9926,0.0050,0.0000,0.0001,0.0000,0.9998
2443,0.9977,1.0000,0.7320,0.2036,0.0644,0.0017,0.0017,0.0006,0.9960
2444,0.9964,0.0087,0.0002,0.9995,0.0004,0.0015,0.0066,0.0001,0.9919
2445,1.0000,1.0000,0.0032,0.4955,0.5013,0.0004,0.5679,0.0004,0.4312
2446,0.0023,1.0000,0.0002,0.9995,0.0003,0.0001,0.0002,0.0000,0.9997
2447,0.9992,0.0008,0.5472,0.4240,0.0288,0.0649,0.4596,0.0256,0.4500
2448,0.9999,1.0000,0.3344,0.1513,0.5143,0.2171,0.7798,0.0010,0.0022
2449,0.9999,0.9999,0.2504,0.3918,0.3578,0.0360,0.9111,0.0008,0.0520
2450,0.9984,1.0000,0.0470,0.8880,0.0651,0.0002,0.2847,0.0003,0.7148
2451,0.9971,1.0000,0.4740,0.0962,0.4298,0.0967,0.8682,0.0003,0.0348
2452,0.9962,1.0000,0.0016,0.9963,0.0021,0.0003,0.3291,0.0010,0.6696
2453,0.5965,0.9999,0.0732,0.0498,0.8770,0.7414,0.0009,0.2045,0.0533
2454,0.9887,1.0000,0.2790,0.7041,0.0168,0.0704,0.6816,0.0024,0.2456
2455,0.9999,1.0000,0.0010,0.9933,0.0057,0.0000,0.0066,0.0000,0.9933
2456,1.0000,1.0000,0.0034,0.9881,0.0085,0.0003,0.2494,0.0001,0.7503
2457,1.0000,1.0000,0.0027,0.9967,0.0006,0.0001,0.0016,0.0000,0.9982
2458,0.9998,1.0000,0.0108,0.9625,0.0266,0.0000,0.9998,0.0000,0.0002
2459,1.0000,0.0000,0.3131,0.6829,0.0040,0.0019,0.9652,0.0023,0.0306
2460,0.9766,0.0001,0.0018,0.9980,0.0002,0.0000,0.0113,0.0001,0.9885
2461,0.9471,1.0000,0.0004,0.9993,0.0003,0.0000,0.0001,0.0000,0.9999
2462,0.9956,1.0000,0.0008,0.9990,0.0002,0.0000,0.0065,0.0000,0.9935
2463,0.9973,0.0000,0.0169,0.9785,0.0046,0.0223,0.2706,0.0001,0.7069
2464,0.9995,0.0000,0.0612,0.9346,0.0042,0.0053,0.9709,0.0019,0.0219
2465,0.9994,1.0000,0.1792,0.2524,0.5684,0.8349,0.0085,0.0053,0.1513
2466,0.9984,0.9999,0.0209,0.2837,0.6954,0.5830,0.0057,0.0003,0.4109
2467,0.9512,1.0000,0.0245,0.0155,0.9600,0.8398,0.0882,0.0009,0.0711
2468,1.0000,1.0000,0.0011,0.9986,0.0003,0.0000,0.0003,0.0000,0.9997
2469,1.0000,1.0000,0.6734,0.2220,0.1047,0.0181,0.9682,0.0004,0.0133
2470,1.0000,1.0000,0.0032,0.9958,0.0010,0.0000,0.0002,0.0000,0.9997
2471,0.9963,1.0000,0.9359,0.0215,0.0426,0.6099,0.3832,0.0017,0.0052
2472,0.9977,1.0000,0.0003,0.9995,0.0002,0.0000,0.0008,0.0000,0.9991
2473,0.9988,1.0000,0.3740,0.5754,0.0506,0.0015,0.0004,0.0002,0.9979
2474,0.9999,0.9999,0.0131,0.3993,0.5877,0.0007,0.7323,0.0003,0.2668
2475,1.0000,1.0000,0.0078,0.9878,0.0044,0.0001,0.9349,0.0001,0.0649
2476,1.0000,1.0000,0.0060,0.9936,0.0005,0.0002,0.0111,0.0010,0.9877
2477,1.0000,1.0000,0.0043,0.9925,0.0032,0.0427,0.9158,0.0003,0.0411
2478,0.9898,1.0000,0.0006,0.9994,0.0000,0.0000,0.0020,0.0000,0.9980
2479,0.0019,0.9999,0.0002,0.9988,0.0010,0.0009,0.0002,0.0000,0.9988
2480,1.0000,1.0000,0.4063,0.4725,0.1212,0.1062,0.8901,0.0003,0.0034
2481,0.9999,1.0000,0.2525,0.6935,0.0539,0.0035,0.6971,0.0041,0.2953
2482,0.9990,0.0001,0.0055,0.9931,0.0014,0.0127,0.2483,0.0001,0.7388
2483,1.0000,1.0000,0.0294,0.9605,0.0101,0.0001,0.9950,0.0001,0.0048
2484,0.9152,1.0000,0.0089,0.9902,0.0009,0.0001,0.0270,0.0001,0.9728
2485,0.9998,0.0000,0.1019,0.8929,0.0052,0.0044,0.9568,0.0003,0.0385
2486,1.0000,0.0000,0.0010,0.9987,0.0003,0.0001,0.0883,0.0001,0.9115
2487,0.9997,0.0068,0.0003,0.9992,0.0005,0.0004,0.0896,0.0000,0.9099
2488,1.0000,1.0000,0.0002,0.9996,0.0002,0.0000,0.0010,0.0000,0.9989
2489,1.0000,1.0000,0.0017,0.5039,0.4943,0.0001,0.0555,0.0000,0.9443
2490,0.9987,1.0000,0.0611,0.9151,0.0238,0.0002,0.9256,0.0002,0.0741
2491,0.8348,1.0000,0.0209,0.9783,0.0008,0.0019,0.9777,0.0005,0.0199
2492,0.9992,1.0000,0.0944,0.3477,0.5579,0.3843,0.6136,0.0005,0.0017
2493,1.0000,0.9999,0.9476,0.0505,0.0019,0.0060,0.9403,0.0026,0.0511
2494,0.9821,1.0000,0.0034,0.9955,0.0010,0.0033,0.0109,0.0051,0.9807
2495,0.6867,1.0000,0.0002,0.9998,0.0000,0.0000,0.0029,0.0000,0.9970
2496,0.9998,0.0000,0.0008,0.9991,0.0001,0.0001,0.0605,0.0002,0.9392
2497,1.0000,1.0000,0.7569,0.2281,0.0150,0.0248,0.9152,0.0208,0.0392
2498,0.9999,1.0000,0.0001,0.9996,0.0003,0.0000,0.0000,0.0000,1.0000
2499,0.5744,0.0008,0.0002,0.9994,0.0004,0.0003,0.0082,0.0000,0.9915
2500,1.0000,1.0000,0.0030,0.9954,0.0017,0.0002,0.0863,0.0000,0.9135
2501,0.9996,1.0000,0.0045,0.9043,0.0912,0.0000,0.0000,0.0000,0.9999
2502,0.0307,1.0000,0.0003,0.9996,0.0001,0.0001,0.0006,0.0000,0.9994
2503,0.7854,1.0000,0.3309,0.1891,0.4800,0.5923,0.0010,0.0499,0.3568
2504,1.0000,1.0000,0.0002,0.9959,0.0039,0.0001,0.0032,0.0001,0.9966
2505,0.9986,1.0000,0.0044,0.9951,0.0005,0.0000,0.0011,0.0000,0.9989
2506,1.0000,0.0000,0.0007,0.9990,0.0003,0.0001,0.0522,0.0001,0.9476
2507,0.0790,1.0000,0.0233,0.0323,0.9443,0.9816,0.0003,0.0009,0.0173
2508,0.9606,1.0000,0.0667,0.7410,0.1923,0.7917,0.0132,0.0005,0.1946
2509,0.4348,1.0000,0.0002,0.9980,0.0018,0.0001,0.0169,0.0000,0.9830
2510,1.0000,1.0000,0.0141,0.9856,0.0003,0.0002,0.0004,0.0001,0.9993
2511,0.9987,1.0000,0.0006,0.9981,0.0013,0.0000,0.0011,0.0000,0.9988
2512,1.0000,1.0000,0.0035,0.9945,0.0020,0.0005,0.8802,0.0001,0.1192
2513,1.0000,1.0000,0.0012,0.9982,0.0005,0.0005,0.1166,0.0001,0.8828
2514,0.9542,1.0000,0.0400,0.0406,0.9194,0.9963,0.0000,0.0007,0.0030
2515,0.9997,0.9993,0.0046,0.9837,0.0117,0.0311,0.8406,0.0078,0.1205
2516,0.9949,1.0000,0.7300,0.0692,0.2008,0.3158,0.6031,0.0037,0.0774
2517,1.0000,1.0000,0.0003,0.9986,0.0011,0.0000,0.0002,0.0000,0.9998
2518,0.9998,0.9999,0.9330,0.0405,0.0265,0.0056,0.9927,0.0004,0.0014
2519,1.0000,1.0000,0.0287,0.9438,0.0275,0.1641,0.7318,0.0003,0.1038
2520,0.0131,0.9995,0.0003,0.9991,0.0006,0.0010,0.0008,0.0000,0.9982
2521,1.0000,0.9999,0.0080,0.8874,0.1046,0.0005,0.0085,0.0001,0.9909
2522,0.8369,0.0001,0.0005,0.9993,0.0002,0.0001,0.0055,0.0000,0.9944
2523,1.0000,1.0000,0.0012,0.9955,0.0033,0.0002,0.0039,0.0000,0.9958
2524,0.9997,0.9999,0.5777,0.2148,0.2074,0.0150,0.7551,0.0071,0.2228
2525,1.0000,1.0000,0.0168,0.9773,0.0059,0.0003,0.6578,0.0001,0.3418
2526,1.0000,1.0000,0.0062,0.9829,0.0109,0.0003,0.0940,0.0003,0.9054
2527,0.9999,0.9992,0.0962,0.8377,0.0660,0.0525,0.4221,0.0089,0.5165
2528,0.9997,1.0000,0.0866,0.7884,0.1250,0.0771,0.9205,0.0003,0.0020
2529,1.0000,0.9999,0.0040,0.9805,0.0155,0.0789,0.1836,0.0079,0.7296
2530,1.0000,1.0000,0.0089,0.9907,0.0005,0.0002,0.9682,0.0001,0.0316
2531,0.9046,1.0000,0.9233,0.0191,0.0575,0.0033,0.9966,0.0001,0.0001
2532,0.9999,1.0000,0.0002,0.9996,0.0002,0.0000,0.0000,0.0000,1.0000
2533,1.0000,1.0000,0.0003,0.9992,0.0004,0.0000,0.0005,0.0000,0.9995
2534,0.9063,1.0000,0.0795,0.0381,0.8824,0.9611,0.0003,0.0152,0.0235
2535,0.9999,1.0000,0.0063,0.9846,0.0091,0.0003,0.9716,0.0001,0.0280
2536,1.0000,0.9999,0.0160,0.9805,0.0035,0.0000,0.0002,0.0001,0.9997
2537,0.9996,0.0001,0.0006,0.9982,0.0012,0.0007,0.0275,0.0003,0.9715
2538,0.9970,1.0000,0.1752,0.4722,0.3527,0.3322,0.6655,0.0005,0.0018
2539,0.6185,0.0001,0.0004,0.9993,0.0003,0.0001,0.0031,0.0001,0.9967
2540,0.9986,1.0000,0.0095,0.9892,0.0014,0.0003,0.0909,0.0001,0.9087
2541,1.0000,1.0000,0.0001,0.9996,0.0003,0.0000,0.0000,0.0000,1.0000
2542,0.9994,1.0000,0.0020,0.9906,0.0073,0.0002,0.8920,0.0000,0.1078
2543,1.0000,0.9999,0.0053,0.2123,0.7824,0.0014,0.7308,0.0005,0.2673
2544,1.0000,0.0000,0.0003,0.9995,0.0002,0.0001,0.0863,0.0000,0.9136
2545,0.9564,0.9999,0.3451,0.6292,0.0257,0.0320,0.4540,0.0030,0.5110
2546,1.0000,1.0000,0.0060,0.9934,0.0006,0.0000,1.0000,0.0000,0.0000
2547,0.9999,1.0000,0.0059,0.9213,0.0728,0.0001,0.2839,0.0000,0.7160
2548,0.9999,1.0000,0.0016,0.9046,0.0938,0.0002,0.7693,0.0000,0.2305
2549,0.9949,0.0006,0.5051,0.4632,0.0317,0.0032,0.2870,0.0020,0.7079
2550,0.9926,1.0000,0.0185,0.0772,0.9043,0.9987,0.0001,0.0002,0.0011
2551,1.0000,0.0000,0.0283,0.9630,0.0087,0.0580,0.7049,0.0001,0.2371
2552,1.0000,1.0000,0.1567,0.0281,0.8151,0.9274,0.0629,0.0030,0.0068
2553,1.0000,1.0000,0.0028,0.9182,0.0790,0.0002,0.7164,0.0004,0.2830
2554,0.7946,1.0000,0.0051,0.9939,0.0010,0.0000,0.9992,0.0000,0.0008
2555,0.9875,1.0000,0.0341,0.7644,0.2015,0.0310,0.9666,0.0002,0.0022
2556,0.9072,0.9951,0.0043,0.8761,0.1196,0.0066,0.0348,0.0006,0.9581
2557,1.0000,1.0000,0.9348,0.0094,0.0558,0.0023,0.9977,0.0000,0.0001
2558,0.5136,1.0000,0.0923,0.8185,0.0892,0.0820,0.0126,0.0061,0.8994
2559,0.9999,1.0000,0.0289,0.4629,0.5082,0.5957,0.0105,0.0009,0.3929
2560,0.9999,1.0000,0.1348,0.0321,0.8331,0.6701,0.2859,0.0150,0.0291
2561,0.9979,0.9999,0.3652,0.6117,0.0230,0.0201,0.9580,0.0024,0.0194
2562,1.0000,0.0001,0.0843,0.9018,0.0140,0.0195,0.7746,0.0001,0.2059
2563,1.0000,1.0000,0.0030,0.6830,0.3141,0.0003,0.2443,0.0005,0.7548
2564,0.9996,1.0000,0.0005,0.9992,0.0003,0.0000,0.0035,0.0000,0.9965
2565,0.9923,0.9999,0.0185,0.0260,0.9555,0.9485,0.0008,0.0356,0.0151
2566,0.9941,1.0000,0.0717,0.7087,0.2196,0.6146,0.0249,0.0040,0.3566
2567,0.9990,1.0000,0.0067,0.9927,0.0006,0.0002,0.0642,0.0000,0.9356
2568,1.0000,1.0000,0.0000,0.9999,0.0001,0.0000,0.0003,0.0000,0.9996
2569,0.9999,1.0000,0.1155,0.7965,0.0879,0.0183,0.9810,0.0002,0.0006
2570,1.0000,1.0000,0.0004,0.9979,0.0017,0.0001,0.0153,0.0000,0.9846
2571,0.9999,1.0000,0.0074,0.6585,0.3341,0.0001,0.7366,0.0000,0.2633
2572,0.9973,0.0001,0.0000,0.9997,0.0002,0.0000,0.0004,0.0000,0.9996
2573,0.0499,0.9987,0.0003,0.9989,0.0008,0.0016,0.0026,0.0000,0.9958
2574,0.0012,1.0000,0.0009,0.0015,0.9976,0.9999,0.0001,0.0000,0.0000
2575,0.9006,1.0000,0.0007,0.9993,0.0000,0.0000,0.0019,0.0000,0.9981
2576,0.9978,1.0000,0.0038,0.9915,0.0048,0.0026,0.2092,0.0004,0.7878
2577,0.0843,0.9995,0.0024,0.0047,0.9930,0.9999,0.0000,0.0000,0.0000
2578,0.2709,1.0000,0.0040,0.9957,0.0003,0.0002,0.9979,0.0000,0.0019
2579,0.9962,1.0000,0.0143,0.1443,0.8414,0.9952,0.0001,0.0010,0.0037
2580,0.2311,1.0000,0.0095,0.9894,0.0011,0.0009,0.2030,0.0001,0.7960
2581,1.0000,1.0000,0.0016,0.9980,0.0004,0.0000,0.0157,0.0000,0.9842
2582,0.8344,1.0000,0.0045,0.9917,0.0038,0.0000,0.0004,0.0000,0.9996
2583,0.9998,0.0006,0.0008,0.9986,0.0006,0.0001,0.0414,0.0002,0.9583
2584,0.9999,0.0000,0.1628,0.8339,0.0034,0.0128,0.8855,0.0026,0.0992
2585,0.9995,1.0000,0.0016,0.9880,0.0105,0.0015,0.5304,0.0001,0.4680
2586,0.9992,1.0000,0.0053,0.9939,0.0008,0.0000,0.0003,0.0000,0.9997
2587,1.0000,1.0000,0.0074,0.6378,0.3548,0.0001,0.1243,0.0001,0.8755
2588,1.0000,0.9999,0.0061,0.2920,0.7019,0.0002,0.3481,0.0001,0.6516
2589,0.9990,0.9999,0.8010,0.1560,0.0430,0.0074,0.9884,0.0002,0.0040
2590,0.9988,1.0000,0.7411,0.1703,0.0886,0.0041,0.9954,0.0002,0.0003
2591,0.9999,1.0000,0.0003,0.9995,0.0002,0.0000,0.0000,0.0000,1.0000
2592,1.0000,0.0000,0.0045,0.9915,0.0040,0.0117,0.0655,0.0001,0.9227
2593,0.9996,0.9999,0.8058,0.1916,0.0027,0.0007,0.9917,0.0002,0.0074
2594,0.2755,1.0000,0.1037,0.0397,0.8565,0.8832,0.0190,0.0053,0.0925
2595,0.9997,1.0000,0.0067,0.4260,0.5673,0.0001,0.0060,0.0004,0.9935
2596,0.9997,1.0000,0.0053,0.6052,0.3895,0.0001,0.9733,0.0002,0.0264
2597,1.0000,0.0001,0.7780,0.2119,0.0101,0.0260,0.5960,0.0013,0.3767
2598,0.9809,1.0000,0.7122,0.2512,0.0366,0.0021,0.9977,0.0000,0.0001
2599,0.9982,0.0013,0.0001,0.9995,0.0005,0.0002,0.0001,0.0000,0.9997
2600,1.0000,0.0001,0.5097,0.4863,0.0039,0.0071,0.9589,0.0011,0.0329
2601,0.0011,0.9998,0.0004,0.9987,0.0009,0.0009,0.0046,0.0000,0.9945
2602,1.0000,1.0000,0.0089,0.9877,0.0035,0.0003,0.9490,0.0000,0.0507
2603,0.9989,0.0001,0.0023,0.9975,0.0002,0.0033,0.6194,0.0001,0.3772
2604,0.9995,0.9999,0.0627,0.8483,0.0890,0.2156,0.7687,0.0002,0.0154
2605,0.9999,0.9933,0.0181,0.9537,0.0282,0.0349,0.7093,0.0045,0.2513
2606,0.9998,1.0000,0.0068,0.4543,0.5389,0.0001,0.9739,0.0000,0.0259
2607,1.0000,0.0001,0.3686,0.6266,0.0048,0.0293,0.1832,0.0010,0.7865
2608,0.9998,0.0001,0.0007,0.9987,0.0007,0.0000,0.0291,0.0001,0.9708
2609,1.0000,1.0000,0.0024,0.9942,0.0034,0.0002,0.0586,0.0000,0.9412
2610,0.0273,1.0000,0.0527,0.9173,0.0300,0.0360,0.9499,0.0001,0.0139
2611,0.8560,0.0006,0.0000,1.0000,0.0000,0.0000,0.0001,0.0000,0.9999
2612,1.0000,1.0000,0.0406,0.9492,0.0102,0.0002,0.0296,0.0003,0.9699
2613,0.9977,0.0013,0.0042,0.9933,0.0025,0.0001,0.0799,0.0003,0.9196
2614,0.9599,0.9996,0.0142,0.1024,0.8834,0.8174,0.1726,0.0012,0.0088
2615,0.9999,1.0000,0.0001,0.9998,0.0001,0.0000,0.0001,0.0000,0.9999
2616,0.9998,1.0000,0.0740,0.9047,0.0214,0.0000,0.9970,0.0000,0.0030
2617,0.9999,0.9998,0.0336,0.4234,0.5430,0.4090,0.0048,0.0005,0.5858
2618,0.3143,1.0000,0.0013,0.9923,0.0064,0.0001,0.0262,0.0001,0.9737
2619,0.9999,1.0000,0.3961,0.2449,0.3590,0.1013,0.0307,0.0039,0.8641
2620,0.9724,1.0000,0.0027,0.0384,0.9589,0.9994,0.0000,0.0001,0.0005
2621,0.6352,1.0000,0.0002,0.9997,0.0001,0.0000,0.0035,0.0000,0.9965
2622,0.0156,1.0000,0.0000,0.9998,0.0001,0.0002,0.0008,0.0000,0.9991
2623,0.0042,0.9999,0.0001,0.9998,0.0001,0.0000,0.0001,0.0000,0.9999
2624,0.9998,1.0000,0.0094,0.9672,0.0234,0.0000,0.9998,0.0000,0.0002
2625,0.5253,1.0000,0.0014,0.0102,0.9884,0.9811,0.0002,0.0006,0.0182
2626,1.0000,0.9999,0.0448,0.9528,0.0024,0.0004,0.7892,0.0001,0.2103
2627,0.9967,1.0000,0.0306,0.9668,0.0027,0.0000,0.9949,0.0000,0.0050
2628,0.9999,1.0000,0.0005,0.9989,0.0005,0.0003,0.0098,0.0001,0.9898
2629,0.4558,1.0000,0.0098,0.0615,0.9287,0.9955,0.0001,0.0006,0.0039
2630,1.0000,1.0000,0.0001,0.9995,0.0004,0.0000,0.0001,0.0000,0.9999
2631,0.9999,1.0000,0.0007,0.9988,0.0004,0.0006,0.4567,0.0001,0.5425
2632,0.9955,1.0000,0.8774,0.0910,0.0316,0.0127,0.9814,0.0004,0.0055
2633,1.0000,1.0000,0.0041,0.9742,0.0217,0.0002,0.2324,0.0000,0.7674
2634,0.6049,1.0000,0.0055,0.8931,0.1015,0.0000,0.0017,0.0001,0.9982
2635,1.0000,1.0000,0.0006,0.9817,0.0178,0.0000,0.0000,0.0000,1.0000
2636,1.0000,1.0000,0.0007,0.9986,0.0007,0.0000,0.0009,0.0000,0.9991
2637,0.9446,0.0000,0.0013,0.9985,0.0002,0.0000,0.0071,0.0001,0.9928
2638,1.0000,1.0000,0.0113,0.0563,0.9325,0.0001,0.4947,0.0002,0.5050
2639,1.0000,1.0000,0.0002,0.9992,0.0005,0.0001,0.0139,0.0000,0.9860
2640,1.0000,1.0000,0.0824,0.8550,0.0626,0.6123,0.3584,0.0013,0.0280
2641,0.9999,0.9282,0.5823,0.3019,0.1158,0.0912,0.0242,0.0063,0.8783
2642,1.0000,1.0000,0.7683,0.0716,0.1600,0.0046,0.9945,0.0002,0.0008
2643,0.1243,1.0000,0.0000,0.9999,0.0000,0.0001,0.0374,0.0000,0.9625
2644,1.0000,1.0000,0.0036,0.0793,0.9171,0.0000,0.0484,0.0000,0.9515
2645,0.9979,1.0000,0.0042,0.9948,0.0010,0.0000,0.9981,0.0000,0.0019
2646,0.9999,1.0000,0.0034,0.9889,0.0077,0.0001,0.0778,0.0001,0.9221
2647,1.0000,0.9999,0.0152,0.0034,0.9814,0.7816,0.2178,0.0001,0.0005
2648,0.9993,1.0000,0.2470,0.6347,0.1183,0.0356,0.9282,0.0049,0.0312
2649,0.9999,1.0000,0.3637,0.1153,0.5210,0.0095,0.9452,0.0060,0.0393
2650,0.9992,0.0000,0.0056,0.9928,0.0016,0.0478,0.3473,0.0132,0.5916
2651,1.0000,1.0000,0.0014,0.9954,0.0031,0.0001,0.9857,0.0001,0.0142
2652,0.9999,1.0000,0.0019,0.0730,0.9251,0.0005,0.3859,0.0007,0.6129
2653,1.0000,1.0000,0.1029,0.8413,0.0557,0.0000,0.0291,0.0000,0.9708
2654,0.9996,1.0000,0.0114,0.9856,0.0030,0.0002,0.3995,0.0003,0.5999
2655,1.0000,1.0000,0.0053,0.9944,0.0003,0.0007,0.4856,0.0002,0.5136
2656,1.0000,1.0000,0.0004,0.9988,0.0008,0.0001,0.0059,0.0000,0.9940
2657,0.4091,1.0000,0.0007,0.9988,0.0005,0.0015,0.0169,0.0001,0.9815
2658,0.9987,0.0001,0.0009,0.9985,0.0005,0.0094,0.3372,0.0001,0.6533
2659,0.9147,1.0000,0.0346,0.9317,0.0338,0.0620,0.9254,0.0005,0.0121
2660,0.9997,1.0000,0.3138,0.0350,0.6512,0.3111,0.6439,0.0009,0.0442
2661,0.9993,1.0000,0.0363,0.7905,0.1732,0.0331,0.9662,0.0001,0.0006
2662,0.0653,1.0000,0.0016,0.9804,0.0179,0.0000,0.0013,0.0000,0.9987
2663,0.9972,1.0000,0.9106,0.0765,0.0129,0.0012,0.9826,0.0003,0.0159
2664,0.1338,1.0000,0.0020,0.9844,0.0135,0.0012,0.5079,0.0001,0.4908
2665,0.9566,0.9999,0.0648,0.8113,0.1239,0.0674,0.1346,0.0024,0.7957
2666,0.9975,1.0000,0.0759,0.1721,0.7520,0.2416,0.7578,0.0001,0.0006
2667,0.9995,0.9999,0.4723,0.5187,0.0090,0.0050,0.1961,0.0114,0.7876
2668,1.0000,1.0000,0.0021,0.9894,0.0085,0.0001,0.7572,0.0003,0.2424
2669,0.9999,0.9953,0.0081,0.9857,0.0062,0.0025,0.3773,0.0013,0.6189
2670,1.0000,1.0000,0.0397,0.9528,0.0076,0.0002,0.2905,0.0003,0.7090
2671,0.9944,1.0000,0.0066,0.9926,0.0008,0.0006,0.0741,0.0002,0.9251
2672,1.0000,1.0000,0.1640,0.1727,0.6633,0.0154,0.0010,0.0004,0.9832
2673,0.7122,1.0000,0.0021,0.9972,0.0007,0.0000,0.0004,0.0000,0.9996
2674,0.1795,0.0001,0.0002,0.9996,0.0002,0.0001,0.0007,0.0000,0.9992
2675,0.9998,1.0000,0.0087,0.8682,0.1231,0.0000,0.9977,0.0000,0.0023
2676,1.0000,1.0000,0.0025,0.9972,0.0003,0.0007,0.0549,0.0001,0.9443
2677,0.9999,0.0000,0.0331,0.9581,0.0088,0.0473,0.1297,0.0001,0.8229
2678,0.0735,0.9846,0.0213,0.0202,0.9585,0.9986,0.0000,0.0001,0.0013
2679,0.2006,0.9999,0.0002,0.9990,0.0008,0.0000,0.0001,0.0000,0.9999
2680,0.9928,1.0000,0.3319,0.5091,0.1590,0.0023,0.0005,0.0004,0.9969
2681,1.0000,1.0000,0.4151,0.2030,0.3819,0.3241,0.0166,0.0004,0.6589
2682,0.8932,1.0000,0.0014,0.1200,0.8786,0.8720,0.0830,0.0023,0.0426
2683,0.9986,0.9998,0.4660,0.4975,0.0366,0.0985,0.8612,0.0030,0.0374
2684,0.9983,1.0000,0.0776,0.8971,0.0253,0.0274,0.9720,0.0001,0.0005
2685,1.0000,1.0000,0.0013,0.9976,0.0011,0.0000,0.0002,0.0000,0.9998
2686,0.9999,1.0000,0.0075,0.0264,0.9661,0.7343,0.2651,0.0003,0.0002
2687,0.9999,0.9999,0.3726,0.3901,0.2373,0.0324,0.9390,0.0077,0.0209
2688,1.0000,1.0000,0.0664,0.9266,0.0070,0.0848,0.7445,0.0003,0.1704
2689,0.0109,1.0000,0.0004,0.9995,0.0002,0.0000,0.0002,0.0000,0.9997
2690,1.0000,0.0002,0.7867,0.2098,0.0035,0.0104,0.4969,0.0052,0.4875
2691,1.0000,1.0000,0.0016,0.0762,0.9222,0.0000,0.9504,0.0000,0.0495
2692,1.0000,1.0000,0.0617,0.7085,0.2299,0.0000,0.0030,0.0002,0.9967
2693,0.9984,0.0001,0.0011,0.9983,0.0006,0.0006,0.0608,0.0001,0.9386
2694,0.9813,1.0000,0.0139,0.9791,0.0070,0.0005,0.6332,0.0003,0.3661
2695,0.9999,0.9998,0.0080,0.6839,0.3082,0.3634,0.1184,0.0005,0.5176
2696,1.0000,1.0000,0.0011,0.9984,0.0005,0.0000,0.0002,0.0000,0.9997
2697,0.0074,1.0000,0.0108,0.0066,0.9826,0.9979,0.0001,0.0001,0.0020
2698,0.9788,1.0000,0.0447,0.5123,0.4431,0.2567,0.7425,0.0003,0.0005
2699,0.9997,0.9999,0.5404,0.4424,0.0172,0.1409,0.0977,0.0255,0.7359
2700,0.9999,1.0000,0.0311,0.0236,0.9453,0.4353,0.5234,0.0014,0.0399
2701,1.0000,1.0000,0.0062,0.8915,0.1023,0.0003,0.3615,0.0004,0.6379
2702,0.9381,1.0000,0.0004,0.9956,0.0040,0.0001,0.0002,0.0000,0.9997
2704,1.0000,0.0000,0.0024,0.9972,0.0004,0.0001,0.1042,0.0002,0.8956
2705,0.9998,0.0000,0.2021,0.7850,0.0129,0.0083,0.9006,0.0004,0.0907
2706,0.9749,0.0003,0.0000,0.9999,0.0000,0.0001,0.0001,0.0000,0.9999
2707,0.9999,0.0000,0.0000,0.9999,0.0001,0.0001,0.0851,0.0001,0.9148
2708,1.0000,1.0000,0.9574,0.0319,0.0107,0.0013,0.9902,0.0003,0.0082
2709,1.0000,1.0000,0.0156,0.9328,0.0516,0.0000,0.0302,0.0003,0.9695
2710,1.0000,1.0000,0.0007,0.0349,0.9644,0.0002,0.3234,0.0001,0.6763
2711,0.9998,1.0000,0.0362,0.4585,0.5053,0.0005,0.9103,0.0006,0.0886
2712,0.9991,0.0001,0.0040,0.9952,0.0008,0.0038,0.2052,0.0000,0.7910
2713,0.8574,0.9999,0.0001,0.9990,0.0009,0.0000,0.0000,0.0000,1.0000
2714,0.9982,1.0000,0.2082,0.2193,0.5726,0.4118,0.4293,0.0014,0.1575
2715,0.9975,0.9999,0.0035,0.9959,0.0006,0.0000,0.0036,0.0000,0.9964
2716,1.0000,1.0000,0.0011,0.9978,0.0011,0.0001,0.0423,0.0000,0.9576
2717,1.0000,1.0000,0.2979,0.1926,0.5095,0.8848,0.0958,0.0003,0.0191
2718,1.0000,0.0012,0.3556,0.5901,0.0543,0.0525,0.7693,0.0003,0.1780
2719,0.9999,1.0000,0.0020,0.9977,0.0003,0.0001,0.0186,0.0000,0.9813
2720,0.9999,1.0000,0.0027,0.9959,0.0014,0.0004,0.2670,0.0001,0.7325
2721,0.9999,0.9671,0.2429,0.7560,0.0011,0.0001,0.9217,0.0003,0.0780
2722,0.9995,1.0000,0.0017,0.9971,0.0011,0.0000,0.0076,0.0000,0.9924
2723,0.9998,1.0000,0.2160,0.1199,0.6640,0.5822,0.4168,0.0004,0.0006
2724,0.7737,1.0000,0.0040,0.0061,0.9899,0.9989,0.0001,0.0000,0.0010
2725,0.0636,0.9989,0.1349,0.0043,0.8608,0.9986,0.0005,0.0003,0.0007
2726,1.0000,1.0000,0.2577,0.7406,0.0017,0.0003,0.0624,0.0009,0.9364
2727,0.9998,1.0000,0.0044,0.9952,0.0005,0.0004,0.4123,0.0001,0.5872
2729,0.9998,1.0000,0.0027,0.9971,0.0002,0.0018,0.3774,0.0003,0.6205
2730,0.9998,1.0000,0.6770,0.1969,0.1261,0.6435,0.0735,0.0067,0.2763
2731,1.0000,1.0000,0.0259,0.9719,0.0022,0.0000,0.9998,0.0000,0.0002
2732,1.0000,0.9999,0.4114,0.5850,0.0036,0.0091,0.0053,0.0005,0.9851
2733,1.0000,0.0001,0.4952,0.5039,0.0009,0.0012,0.8621,0.0043,0.1324
2734,1.0000,1.0000,0.0185,0.9810,0.0005,0.0001,0.9788,0.0000,0.0212
2735,1.0000,1.0000,0.0013,0.9974,0.0012,0.0000,0.0002,0.0000,0.9997
2736,1.0000,1.0000,0.0010,0.0630,0.9360,0.0001,0.1916,0.0001,0.8082
2737,0.9967,1.0000,0.0017,0.9928,0.0055,0.0003,0.5778,0.0003,0.4215
2738,0.9999,0.0002,0.0001,0.9995,0.0004,0.0001,0.0006,0.0000,0.9993
2739,1.0000,1.0000,0.0046,0.9952,0.0002,0.0002,0.8798,0.0000,0.1200
2740,0.9987,0.9999,0.0027,0.9944,0.0029,0.0007,0.9522,0.0001,0.0470
2741,1.0000,1.0000,0.0063,0.9871,0.0066,0.0000,1.0000,0.0000,0.0000
2742,0.9993,0.0000,0.0001,0.9998,0.0001,0.0000,0.0004,0.0000,0.9996
2743,0.9999,0.0000,0.0015,0.9980,0.0004,0.0001,0.1055,0.0001,0.8943
2744,1.0000,1.0000,0.1230,0.7892,0.0878,0.7041,0.1136,0.0029,0.1795
2745,0.9996,1.0000,0.0044,0.9794,0.0163,0.0000,0.9993,0.0000,0.0007
2746,0.9956,1.0000,0.9482,0.0259,0.0259,0.0019,0.9980,0.0000,0.0001
2747,0.0319,1.0000,0.0011,0.9981,0.0008,0.0002,0.0152,0.0000,0.9846
2748,0.9604,0.9998,0.0029,0.0045,0.9926,0.7693,0.0030,0.0068,0.2210
2749,0.9999,0.0000,0.0064,0.9928,0.0008,0.0162,0.0723,0.0001,0.9114
2750,0.9894,0.9999,0.4336,0.0835,0.4829,0.0362,0.9498,0.0019,0.0121
2751,0.9809,1.0000,0.0004,0.9996,0.0000,0.0001,0.0081,0.0000,0.9918
2752,1.0000,1.0000,0.0005,0.9988,0.0006,0.0000,0.0019,0.0000,0.9981
2753,1.0000,1.0000,0.0056,0.9501,0.0443,0.0001,0.9182,0.0002,0.0815
2754,1.0000,1.0000,0.0038,0.0755,0.9207,0.0000,0.9661,0.0000,0.0338
2755,0.7113,1.0000,0.0021,0.9968,0.0010,0.0288,0.8839,0.0013,0.0860
2756,0.9701,1.0000,0.0018,0.9898,0.0084,0.0000,0.0006,0.0000,0.9993
2757,1.0000,1.0000,0.0032,0.0555,0.9413,0.0001,0.3334,0.0001,0.6664
2758,0.9999,1.0000,0.0006,0.9984,0.0010,0.0001,0.0095,0.0001,0.9904
2759,0.8590,1.0000,0.0008,0.9977,0.0016,0.0049,0.0548,0.0002,0.9401
2760,1.0000,0.0001,0.8093,0.1782,0.0125,0.0272,0.3562,0.0006,0.6160
2762,1.0000,0.0000,0.8075,0.1905,0.0020,0.0076,0.7544,0.0002,0.2377
2763,1.0000,1.0000,0.0003,0.9992,0.0005,0.0000,0.0002,0.0000,0.9998
2764,0.9998,0.9999,0.1825,0.0612,0.7563,0.1214,0.8781,0.0001,0.0004
2765,0.9998,1.0000,0.8115,0.0432,0.1453,0.0466,0.9501,0.0006,0.0027
2766,0.9986,1.0000,0.7660,0.1276,0.1064,0.0535,0.9452,0.0003,0.0010
2767,0.1945,1.0000,0.0005,0.9957,0.0038,0.0006,0.0773,0.0000,0.9221
2768,1.0000,1.0000,0.1611,0.8200,0.0189,0.0729,0.6843,0.0006,0.2422
2769,1.0000,1.0000,0.0048,0.9678,0.0274,0.0000,0.9850,0.0000,0.0150
2770,0.9995,0.0000,0.0067,0.9916,0.0017,0.0202,0.3308,0.0001,0.6489
2771,0.8871,1.0000,0.0050,0.9946,0.0005,0.0000,0.9436,0.0001,0.0563
2772,0.9992,1.0000,0.0004,0.0104,0.9892,0.9992,0.0000,0.0000,0.0008
2773,0.9992,1.0000,0.0548,0.8421,0.1031,0.0460,0.9516,0.0005,0.0019
2774,1.0000,1.0000,0.0013,0.9985,0.0002,0.0006,0.1953,0.0003,0.8038
2775,0.7348,1.0000,0.0130,0.9618,0.0252,0.0000,0.0045,0.0001,0.9954
2776,1.0000,0.0001,0.0001,0.9999,0.0001,0.0000,0.0008,0.0000,0.9992
2777,0.9999,1.0000,0.3984,0.5189,0.0827,0.0095,0.1467,0.0093,0.8345
2778,0.8333,1.0000,0.0004,0.9988,0.0008,0.0021,0.5817,0.0002,0.4160
2779,0.0004,1.0000,0.0006,0.9986,0.0008,0.0010,0.0001,0.0000,0.9989
2780,0.9999,1.0000,0.2238,0.0486,0.7276,0.1091,0.8841,0.0020,0.0048
2781,1.0000,1.0000,0.0305,0.7665,0.2030,0.0001,0.0573,0.0002,0.9424
2782,0.9999,0.9999,0.7669,0.2294,0.0036,0.0095,0.0829,0.0098,0.8977
2783,0.9993,1.0000,0.0027,0.9914,0.0058,0.0000,0.9979,0.0000,0.0020
2784,1.0000,1.0000,0.0006,0.9990,0.0004,0.0003,0.0296,0.0001,0.9700
2785,1.0000,1.0000,0.0002,0.9988,0.0010,0.0001,0.0010,0.0000,0.9989
2786,0.9998,1.0000,0.7516,0.2264,0.0220,0.0793,0.7106,0.0012,0.2089
2787,0.8483,0.0003,0.0001,0.9998,0.0001,0.0000,0.0000,0.0000,1.0000
2788,0.9999,1.0000,0.0067,0.8466,0.1467,0.0000,0.9882,0.0001,0.0117
2789,0.9038,0.0001,0.0092,0.9885,0.0023,0.0000,0.0087,0.0001,0.9912
2790,1.0000,1.0000,0.0015,0.0197,0.9788,0.0001,0.7803,0.0001,0.2196
2791,0.0641,1.0000,0.0011,0.9984,0.0004,0.0003,0.0017,0.0000,0.9980
2792,1.0000,1.0000,0.0005,0.9970,0.0025,0.0000,0.0001,0.0000,0.9998
2793,0.9997,1.0000,0.0928,0.7824,0.1247,0.0008,0.6713,0.0008,0.3270
2794,1.0000,1.0000,0.0653,0.9312,0.0035,0.0000,0.0016,0.0000,0.9984
2795,1.0000,0.0001,0.4988,0.4899,0.0114,0.0123,0.0677,0.0099,0.9101
2796,1.0000,1.0000,0.0434,0.8281,0.1284,0.0003,0.5402,0.0001,0.4595
2797,0.9759,0.9998,0.0008,0.9991,0.0001,0.0000,0.0023,0.0000,0.9977
2798,0.9973,0.9999,0.4329,0.3620,0.2051,0.3984,0.5333,0.0108,0.0575
2799,0.9995,0.9995,0.0221,0.2161,0.7619,0.5668,0.0182,0.0024,0.4127
2800,1.0000,1.0000,0.0010,0.0110,0.9880,0.0001,0.9783,0.0000,0.0215
2801,1.0000,1.0000,0.0000,0.9997,0.0002,0.0001,0.0002,0.0000,0.9998
2802,0.9996,0.0001,0.0000,0.9998,0.0002,0.0000,0.0006,0.0000,0.9994
2803,0.1607,1.0000,0.6872,0.0601,0.2527,0.7005,0.0001,0.0987,0.2008
2805,0.1504,0.9999,0.0055,0.9940,0.0005,0.0006,0.0117,0.0000,0.9876
2806,1.0000,1.0000,0.0060,0.6244,0.3696,0.0000,0.0023,0.0004,0.9973
2807,1.0000,1.0000,0.0186,0.7872,0.1942,0.0002,0.1104,0.0006,0.8888
2808,0.9995,1.0000,0.0022,0.9883,0.0095,0.0001,0.9816,0.0001,0.0181
2809,0.2859,1.0000,0.0037,0.9743,0.0220,0.0000,0.0034,0.0000,0.9965
2810,1.0000,0.0000,0.0111,0.9881,0.0008,0.0001,0.2163,0.0000,0.7836
2811,1.0000,0.0000,0.3912,0.6076,0.0012,0.0008,0.9522,0.0004,0.0466
2812,1.0000,1.0000,0.1652,0.3162,0.5186,0.8688,0.1269,0.0018,0.0026
2813,0.9999,0.9999,0.0639,0.7670,0.1691,0.1081,0.0998,0.0063,0.7858
2814,0.9994,0.0066,0.0004,0.9991,0.0005,0.0001,0.0321,0.0000,0.9678
2815,1.0000,0.0000,0.0002,0.9995,0.0003,0.0000,0.0123,0.0000,0.9876
2816,0.9997,1.0000,0.0046,0.9801,0.0154,0.0000,0.0706,0.0000,0.9293
2817,1.0000,1.0000,0.0002,0.9995,0.0003,0.0000,0.0000,0.0000,1.0000
2818,0.9769,0.0062,0.0000,0.9998,0.0002,0.0000,0.0022,0.0000,0.9977
2819,0.3061,1.0000,0.0072,0.9373,0.0555,0.0000,0.0070,0.0000,0.9930
2820,1.0000,1.0000,0.0540,0.9403,0.0057,0.0011,0.5715,0.0008,0.4267
2821,1.0000,1.0000,0.0066,0.9933,0.0002,0.0000,0.0007,0.0000,0.9993
2822,0.9812,0.0173,0.0001,0.9998,0.0001,0.0000,0.0009,0.0000,0.9990
2823,1.0000,0.0001,0.0397,0.9574,0.0029,0.0054,0.5451,0.0002,0.4493
2824,1.0000,0.9999,0.0089,0.9878,0.0033,0.0009,0.7164,0.0001,0.2826
2825,1.0000,0.9997,0.1300,0.4820,0.3880,0.1004,0.8872,0.0041,0.0083
2826,0.8463,1.0000,0.7182,0.2296,0.0522,0.2750,0.2478,0.0078,0.4693
2827,1.0000,1.0000,0.0009,0.9631,0.0361,0.0000,0.0000,0.0000,1.0000
2828,0.9973,1.0000,0.0007,0.9988,0.0005,0.0008,0.1457,0.0001,0.8534
2829,1.0000,0.9999,0.7686,0.2222,0.0091,0.0012,0.9939,0.0004,0.0045
2830,0.9999,0.9950,0.0078,0.9620,0.0302,0.0322,0.1150,0.0019,0.8510
2831,0.9999,1.0000,0.0049,0.9917,0.0034,0.0020,0.5579,0.0003,0.4398
2832,1.0000,1.0000,0.7295,0.2577,0.0128,0.1381,0.4531,0.0008,0.4080
2833,0.9882,1.0000,0.7138,0.1982,0.0880,0.0057,0.9940,0.0001,0.0003
2834,0.9999,1.0000,0.0026,0.5630,0.4344,0.0002,0.2509,0.0001,0.7488
2835,0.9976,0.9999,0.3903,0.3805,0.2292,0.0391,0.0163,0.0014,0.9433
2836,0.9999,1.0000,0.0054,0.9932,0.0015,0.0007,0.1380,0.0004,0.8610
2837,0.8465,1.0000,0.0012,0.9978,0.0010,0.0850,0.8286,0.0021,0.0843
2838,0.9998,0.0000,0.0455,0.9409,0.0136,0.0336,0.1392,0.0001,0.8271
2839,1.0000,0.0001,0.0009,0.9985,0.0006,0.0007,0.0012,0.0000,0.9981
2840,0.9998,0.9999,0.2208,0.5087,0.2705,0.1559,0.0095,0.0006,0.8340
2841,1.0000,1.0000,0.0046,0.8106,0.1848,0.0000,0.0018,0.0000,0.9982
2842,0.9999,0.9999,0.0011,0.9377,0.0612,0.0004,0.0866,0.0003,0.9128
2843,0.4195,1.0000,0.0062,0.9932,0.0006,0.0003,0.2038,0.0001,0.7959
2844,0.0162,1.0000,0.0010,0.9961,0.0029,0.0057,0.1115,0.0000,0.8827
2845,1.0000,1.0000,0.0010,0.9950,0.0040,0.0001,0.8540,0.0003,0.1456
2846,1.0000,1.0000,0.0086,0.7815,0.2099,0.0003,0.3473,0.0005,0.6518
2847,0.9998,1.0000,0.1527,0.6884,0.1589,0.0002,0.9810,0.0002,0.0185
2848,1.0000,1.0000,0.0015,0.9969,0.0016,0.0000,0.0027,0.0000,0.9973
2849,1.0000,1.0000,0.0002,0.9996,0.0002,0.0000,0.0002,0.0000,0.9998
2850,0.9812,1.0000,0.0004,0.9962,0.0035,0.0001,0.9871,0.0000,0.0127
2851,0.4886,0.0003,0.0000,0.9999,0.0000,0.0000,0.0000,0.0000,0.9999
2852,1.0000,0.9969,0.0366,0.5664,0.3971,0.3064,0.0955,0.0042,0.5939
2853,0.9299,1.0000,0.0020,0.9955,0.0025,0.0000,0.0001,0.0000,0.9999
2854,1.0000,0.0000,0.0036,0.9945,0.0020,0.0144,0.1040,0.0001,0.8814
2855,1.0000,1.0000,0.2422,0.7262,0.0316,0.0002,0.6711,0.0009,0.3278
2856,0.9999,1.0000,0.4290,0.4092,0.1618,0.0281,0.9645,0.0011,0.0063
2857,1.0000,1.0000,0.0168,0.9592,0.0239,0.0001,0.6304,0.0000,0.3695
2858,0.9999,0.0000,0.1011,0.8937,0.0053,0.0113,0.9075,0.0014,0.0798
2859,0.2224,0.0005,0.0000,0.9999,0.0001,0.0000,0.0000,0.0000,0.9999
2860,0.0156,0.9921,0.0157,0.0061,0.9782,0.9997,0.0002,0.0000,0.0001
2861,0.9794,1.0000,0.0006,0.9993,0.0000,0.0001,0.0061,0.0000,0.9938
2862,1.0000,0.9693,0.6922,0.1918,0.1161,0.1906,0.2291,0.0255,0.5548
2863,0.9826,1.0000,0.5779,0.2842,0.1380,0.0614,0.9369,0.0002,0.0014
2864,0.9999,0.0001,0.0000,0.9998,0.0001,0.0000,0.0018,0.0000,0.9982
2865,1.0000,1.0000,0.0388,0.9372,0.0240,0.0020,0.0014,0.0016,0.9950
2866,0.0234,1.0000,0.0009,0.9983,0.0008,0.0027,0.0097,0.0001,0.9876
2867,0.9956,0.0003,0.0026,0.9963,0.0011,0.0006,0.0088,0.0002,0.9904
2868,0.9998,1.0000,0.0002,0.9996,0.0002,0.0001,0.2993,0.0000,0.7006
2869,0.9989,1.0000,0.0336,0.9452,0.0212,0.0005,0.6211,0.0006,0.3778
2870,0.9999,1.0000,0.2357,0.4342,0.3300,0.0199,0.8836,0.0048,0.0917
2871,0.0146,1.0000,0.0001,0.9998,0.0002,0.0001,0.0004,0.0000,0.9995
2872,1.0000,1.0000,0.0002,0.9996,0.0002,0.0000,0.0000,0.0000,1.0000
2873,1.0000,1.0000,0.0071,0.9889,0.0039,0.0001,0.9877,0.0001,0.0122
2874,0.9999,0.0000,0.0001,0.9998,0.0001,0.0001,0.0217,0.0000,0.9782
2875,0.9985,1.0000,0.0221,0.9773,0.0006,0.0013,0.0036,0.0003,0.9947
2876,0.9968,0.0001,0.0000,0.9999,0.0000,0.0000,0.0001,0.0000,0.9999
2878,1.0000,1.0000,0.1458,0.1228,0.7315,0.9497,0.0339,0.0041,0.0123
2879,0.9986,1.0000,0.6334,0.2824,0.0842,0.0747,0.0421,0.0108,0.8724
2880,1.0000,1.0000,0.0107,0.5216,0.4676,0.0001,0.9131,0.0001,0.0867
2881,0.2262,1.0000,0.0002,0.9998,0.0000,0.0000,0.0008,0.0000,0.9991
2882,0.9995,0.7768,0.7245,0.1002,0.1753,0.3041,0.4316,0.0169,0.2475
2883,0.9999,1.0000,0.1300,0.7458,0.1243,0.0608,0.9360,0.0001,0.0030
2884,1.0000,1.0000,0.0027,0.9537,0.0435,0.0002,0.6014,0.0008,0.3976
2885,0.9997,1.0000,0.4786,0.1572,0.3643,0.0360,0.9269,0.0062,0.0309
2886,0.9988,1.0000,0.0000,0.9998,0.0001,0.0000,0.0000,0.0000,1.0000
2887,0.9983,0.9999,0.0919,0.4557,0.4524,0.6327,0.0054,0.0003,0.3616
2888,0.9994,0.0001,0.0001,0.9999,0.0001,0.0000,0.0006,0.0000,0.9994
2889,1.0000,1.0000,0.0011,0.9839,0.0150,0.0000,0.0003,0.0001,0.9996
2890,1.0000,1.0000,0.1551,0.8076,0.0373,0.1659,0.1120,0.0024,0.7197
2891,1.0000,1.0000,0.0025,0.1960,0.8014,0.0001,0.8990,0.0000,0.1009
2892,0.9996,1.0000,0.0005,0.9992,0.0004,0.0000,0.9996,0.0000,0.0004
2893,1.0000,0.0001,0.0000,0.9995,0.0004,0.0000,0.0024,0.0000,0.9975
2894,0.1997,1.0000,0.0141,0.0031,0.9828,0.9998,0.0000,0.0000,0.0001
2895,0.0249,1.0000,0.0114,0.0047,0.9839,0.9910,0.0001,0.0072,0.0016
2896,0.9892,0.9999,0.0700,0.2713,0.6587,0.8921,0.0009,0.0151,0.0919
2897,0.9999,1.0000,0.8535,0.1127,0.0338,0.2164,0.1259,0.0008,0.6569
2898,1.0000,1.0000,0.1998,0.4057,0.3945,0.9193,0.0488,0.0003,0.0316
2899,0.9921,1.0000,0.4614,0.5124,0.0262,0.0306,0.8995,0.0048,0.0652
2900,0.9999,0.0008,0.9754,0.0168,0.0079,0.0102,0.9778,0.0002,0.0118
2901,0.9907,1.0000,0.0019,0.9948,0.0033,0.0002,0.2768,0.0008,0.7222
2902,0.9994,0.0000,0.0733,0.9202,0.0065,0.0165,0.8186,0.0010,0.1639
2903,0.8117,0.9999,0.0263,0.0221,0.9516,0.9862,0.0009,0.0096,0.0032
2904,0.1020,0.9999,0.0001,0.9995,0.0003,0.0000,0.0000,0.0000,1.0000
2905,0.9560,1.0000,0.0003,0.9995,0.0002,0.0002,0.0023,0.0000,0.9976
2906,0.4406,1.0000,0.0547,0.8763,0.0691,0.0303,0.9655,0.0001,0.0040
2907,0.9996,1.0000,0.0343,0.7595,0.2063,0.1734,0.0043,0.0004,0.8219
2908,0.9999,0.0000,0.0005,0.9992,0.0003,0.0001,0.1274,0.0001,0.8724
2909,1.0000,1.0000,0.0007,0.9922,0.0071,0.0000,0.0001,0.0000,0.9999
2910,0.0144,0.9996,0.0041,0.0048,0.9911,0.9996,0.0001,0.0001,0.0003
2911,1.0000,1.0000,0.0856,0.9050,0.0094,0.2325,0.3352,0.0015,0.4309
2912,0.9997,0.0001,0.0014,0.9981,0.0005,0.0005,0.2437,0.0007,0.7551
2913,1.0000,1.0000,0.0014,0.9470,0.0516,0.0000,0.0003,0.0000,0.9996
2914,1.0000,1.0000,0.0636,0.9088,0.0276,0.7490,0.1087,0.0017,0.1407
2915,1.0000,1.0000,0.7654,0.1378,0.0967,0.0636,0.0395,0.0059,0.8910
2916,1.0000,1.0000,0.0227,0.0974,0.8799,0.1952,0.8046,0.0001,0.0001
2917,1.0000,1.0000,0.0038,0.3295,0.6668,0.0001,0.1370,0.0000,0.8629
2918,0.9999,0.0003,0.1952,0.7981,0.0066,0.0004,0.6505,0.0010,0.3480
2919,1.0000,0.0001,0.4499,0.5361,0.0140,0.0080,0.6842,0.0125,0.2954
2920,1.0000,0.9999,0.4352,0.5226,0.0422,0.0056,0.9436,0.0019,0.0489
2921,0.9967,1.0000,0.5402,0.0449,0.4149,0.0271,0.9727,0.0002,0.0001
2922,0.9724,1.0000,0.0094,0.2672,0.7234,0.9920,0.0007,0.0020,0.0054
2923,0.8456,1.0000,0.0089,0.0091,0.9819,0.9969,0.0000,0.0013,0.0018
2924,0.9467,0.0001,0.0000,0.9997,0.0003,0.0000,0.0001,0.0000,0.9999
2925,0.6739,1.0000,0.0004,0.9995,0.0001,0.0005,0.9902,0.0000,0.0094
2926,1.0000,1.0000,0.6465,0.2794,0.0742,0.4747,0.0254,0.0006,0.4993
2927,1.0000,1.0000,0.0001,0.9990,0.0009,0.0001,0.0009,0.0000,0.9990
2928,0.9992,1.0000,0.0027,0.9688,0.0285,0.0000,0.0080,0.0002,0.9918
2929,0.8304,1.0000,0.0021,0.9977,0.0002,0.0001,0.9966,0.0000,0.0033
2930,1.0000,1.0000,0.0147,0.9822,0.0031,0.0003,0.3480,0.0005,0.6512
2931,0.9585,1.0000,0.5073,0.1690,0.3237,0.1726,0.8261,0.0000,0.0013
2932,1.0000,1.0000,0.0001,0.9980,0.0019,0.0000,0.0001,0.0000,0.9999
2933,0.0141,0.9998,0.0007,0.9988,0.0006,0.0004,0.0071,0.0000,0.9924
2934,0.9999,1.0000,0.2413,0.3302,0.4285,0.0600,0.9379,0.0003,0.0019
2935,1.0000,1.0000,0.0030,0.0742,0.9228,0.0001,0.7922,0.0001,0.2076
2936,1.0000,1.0000,0.0302,0.9693,0.0005,0.0008,0.2267,0.0004,0.7721
2937,1.0000,1.0000,0.0360,0.9610,0.0031,0.0004,0.8687,0.0001,0.1308
2938,0.9983,1.0000,0.0203,0.1236,0.8562,0.0004,0.7719,0.0005,0.2272
2939,0.0135,0.9992,0.0002,0.9994,0.0003,0.0025,0.0025,0.0000,0.9949
2940,1.0000,1.0000,0.1488,0.2872,0.5640,0.4229,0.5729,0.0004,0.0038
2941,0.9942,1.0000,0.0027,0.9929,0.0044,0.0047,0.4243,0.0002,0.5707
2942,1.0000,0.9999,0.0009,0.8318,0.1673,0.0000,0.0037,0.0000,0.9963
2943,0.9383,1.0000,0.4695,0.4646,0.0659,0.2956,0.0132,0.0045,0.6866
2944,0.9999,0.9999,0.1305,0.7149,0.1546,0.0191,0.9751,0.0001,0.0057
2945,1.0000,1.0000,0.0015,0.9786,0.0199,0.0001,0.8829,0.0001,0.1169
2946,1.0000,1.0000,0.0002,0.9997,0.0001,0.0000,0.0000,0.0000,1.0000
2947,1.0000,1.0000,0.2252,0.3599,0.4149,0.9067,0.0562,0.0005,0.0366
2948,0.0564,1.0000,0.0013,0.9985,0.0002,0.0001,0.0172,0.0000,0.9827
2949,0.7800,1.0000,0.0231,0.0168,0.9601,0.9986,0.0001,0.0009,0.0004
2950,0.9997,1.0000,0.0263,0.5605,0.4132,0.0426,0.9566,0.0001,0.0007
2952,0.9556,1.0000,0.0016,0.9975,0.0010,0.0001,0.0058,0.0000,0.9941
2953,0.9999,0.0011,0.7623,0.2343,0.0034,0.0164,0.7182,0.0017,0.2636
2954,1.0000,0.9999,0.0877,0.0300,0.8824,0.3805,0.6174,0.0001,0.0020
2955,0.9990,1.0000,0.0061,0.9926,0.0013,0.0001,0.9083,0.0001,0.0915
2956,1.0000,1.0000,0.0109,0.9733,0.0158,0.0004,0.3073,0.0011,0.6912
2957,0.9999,1.0000,0.0548,0.0060,0.9392,0.3824,0.6173,0.0001,0.0002
2958,0.9993,1.0000,0.0831,0.8134,0.1035,0.5618,0.0066,0.0011,0.4304
2959,0.9960,1.0000,0.0028,0.9817,0.0155,0.0006,0.9519,0.0000,0.0474
2960,1.0000,1.0000,0.0134,0.9828,0.0039,0.0009,0.1270,0.0012,0.8709
2961,0.0225,1.0000,0.0010,0.9971,0.0019,0.0019,0.0343,0.0000,0.9638
2962,0.9999,1.0000,0.0073,0.9925,0.0002,0.0004,0.2748,0.0001,0.7248
2963,1.0000,0.0000,0.5382,0.4578,0.0040,0.0014,0.9411,0.0001,0.0573
2964,0.0054,1.0000,0.0002,0.9998,0.0001,0.0001,0.0004,0.0000,0.9996
2966,1.0000,0.9999,0.7707,0.2202,0.0091,0.0019,0.0865,0.0033,0.9083
2967,0.9030,0.9778,0.1900,0.1220,0.6879,0.9974,0.0001,0.0007,0.0018
2968,0.0039,0.9987,0.0024,0.0017,0.9959,0.9979,0.0015,0.0003,0.0003
2969,0.9991,0.0006,0.0424,0.9523,0.0053,0.0016,0.0101,0.0212,0.9671
2970,1.0000,0.0001,0.5506,0.4320,0.0174,0.0453,0.1579,0.0003,0.7966
2971,1.0000,1.0000,0.0006,0.9805,0.0189,0.0000,0.0001,0.0000,0.9999
2972,0.8777,0.9999,0.0043,0.9782,0.0175,0.0000,0.0000,0.0000,1.0000
2973,0.9994,0.0000,0.0004,0.9989,0.0007,0.0001,0.0052,0.0000,0.9947
2974,0.3170,1.0000,0.0006,0.9990,0.0004,0.0006,0.0178,0.0000,0.9816
2975,1.0000,1.0000,0.2183,0.7564,0.0253,0.0003,0.5393,0.0005,0.4600
2976,1.0000,1.0000,0.0623,0.1539,0.7838,0.6622,0.3349,0.0006,0.0023
2977,0.0942,1.0000,0.0005,0.9989,0.0006,0.0007,0.0015,0.0000,0.9978
2978,1.0000,1.0000,0.0009,0.9867,0.0124,0.0004,0.0763,0.0004,0.9229
2979,0.9972,1.0000,0.2315,0.5976,0.1709,0.0103,0.9820,0.0001,0.0075
2980,1.0000,1.0000,0.0685,0.9066,0.0249,0.0001,0.9812,0.0000,0.0188
2981,1.0000,0.0001,0.1167,0.8682,0.0151,0.0496,0.7018,0.0001,0.2485
2982,0.9976,0.0000,0.0003,0.9985,0.0011,0.0002,0.0174,0.0000,0.9824
2983,0.9999,1.0000,0.0025,0.8122,0.1853,0.0002,0.7946,0.0000,0.2052
2984,1.0000,1.0000,0.4716,0.1156,0.4128,0.1674,0.8309,0.0002,0.0015
2985,0.7906,0.9785,0.0761,0.0378,0.8861,0.9812,0.0001,0.0028,0.0159
2986,1.0000,0.0000,0.4930,0.4985,0.0084,0.0018,0.9579,0.0001,0.0403
2987,0.9982,0.0001,0.0000,0.9999,0.0001,0.0000,0.0001,0.0000,0.9999
2988,1.0000,1.0000,0.1240,0.2354,0.6406,0.4520,0.5442,0.0010,0.0028
2989,0.9999,0.0008,0.0232,0.9697,0.0071,0.0004,0.2246,0.0002,0.7747
2990,0.7692,0.9999,0.0335,0.6394,0.3271,0.3573,0.6325,0.0002,0.0100
2991,0.4301,1.0000,0.0001,0.9995,0.0004,0.0001,0.0100,0.0000,0.9899
2992,1.0000,1.0000,0.0347,0.9645,0.0008,0.0004,0.8062,0.0002,0.1933
2993,0.0125,1.0000,0.0002,0.9997,0.0001,0.0001,0.0005,0.0000,0.9994
2994,0.9974,1.0000,0.0006,0.9171,0.0823,0.6209,0.0390,0.0078,0.3322
2995,1.0000,1.0000,0.0058,0.3112,0.6830,0.0004,0.3112,0.0001,0.6884
2996,0.0658,1.0000,0.0007,0.9977,0.0016,0.0003,0.0355,0.0000,0.9641
2997,0.9923,1.0000,0.0004,0.9983,0.0013,0.0000,0.0001,0.0000,0.9999
2998,1.0000,1.0000,0.0115,0.9869,0.0017,0.0006,0.2222,0.0001,0.7771
2999,0.0633,1.0000,0.0004,0.9986,0.0010,0.0001,0.0006,0.0000,0.9993
3000,0.9969,0.0061,0.0001,0.9997,0.0002,0.0002,0.0600,0.0000,0.9398
3001,1.0000,1.0000,0.0050,0.9807,0.0143,0.0000,0.9946,0.0000,0.0054
3002,0.7906,1.0000,0.3224,0.4621,0.2154,0.0379,0.9614,0.0001,0.0006
3003,0.9999,1.0000,0.0087,0.9893,0.0020,0.0000,0.9995,0.0000,0.0005
3004,0.8063,1.0000,0.0007,0.9871,0.0122,0.0000,0.0016,0.0000,0.9983
3005,1.0000,1.0000,0.0014,0.9876,0.0109,0.0000,0.0012,0.0001,0.9987
3006,1.0000,1.0000,0.0035,0.9952,0.0013,0.0003,0.9332,0.0001,0.0663
3007,0.9999,0.9999,0.5883,0.3773,0.0344,0.0026,0.9973,0.0000,0.0000
3008,1.0000,0.9999,0.6864,0.3060,0.0076,0.0076,0.2097,0.0251,0.7576
3009,1.0000,1.0000,0.1263,0.2206,0.6531,0.4799,0.5150,0.0004,0.0048
3010,0.9978,0.0001,0.0000,0.9999,0.0001,0.0000,0.0004,0.0000,0.9996
3011,0.9993,1.0000,0.0412,0.5906,0.3682,0.0003,0.5388,0.0005,0.4603
3012,0.3059,1.0000,0.0016,0.9952,0.0031,0.0001,0.0074,0.0000,0.9925
3013,1.0000,0.9999,0.0053,0.1879,0.8069,0.0002,0.8672,0.0001,0.1325
3014,0.0119,0.9989,0.0024,0.0011,0.9966,0.9991,0.0006,0.0002,0.0001
3015,0.9995,1.0000,0.0050,0.9781,0.0169,0.0000,0.9978,0.0000,0.0022
3016,0.9999,1.0000,0.0039,0.9947,0.0014,0.0021,0.4051,0.0002,0.5926
3017,0.9985,1.0000,0.5039,0.3922,0.1039,0.0046,0.9944,0.0001,0.0009
3018,1.0000,1.0000,0.0086,0.9886,0.0028,0.0004,0.0709,0.0001,0.9286
3019,0.9997,1.0000,0.0005,0.9993,0.0001,0.0000,0.0001,0.0000,0.9999
3020,1.0000,1.0000,0.0002,0.9991,0.0007,0.0002,0.0016,0.0000,0.9982
3021,0.6517,0.9999,0.0005,0.9993,0.0002,0.0005,0.0203,0.0000,0.9792
3022,0.9931,1.0000,0.0021,0.9974,0.0004,0.0000,0.0046,0.0000,0.9954
3023,0.0294,0.9974,0.0007,0.9984,0.0009,0.0010,0.0008,0.0000,0.9982
3024,0.9803,1.0000,0.1158,0.6286,0.2555,0.1493,0.8460,0.0003,0.0044
3025,1.0000,0.0000,0.9295,0.0680,0.0024,0.0006,0.9969,0.0000,0.0025
3026,0.9987,0.9999,0.0932,0.2232,0.6836,0.9426,0.0006,0.0224,0.0344
3027,0.9819,1.0000,0.0001,0.9998,0.0000,0.0001,0.0142,0.0000,0.9857
3028,0.9897,1.0000,0.0142,0.9810,0.0047,0.0032,0.9947,0.0001,0.0020
3029,0.9985,1.0000,0.7734,0.0554,0.1711,0.0244,0.9730,0.0002,0.0024
3030,0.9976,0.9998,0.0517,0.8807,0.0676,0.0007,0.0220,0.0004,0.9768
3031,0.4362,0.9986,0.0003,0.9996,0.0001,0.0002,0.0069,0.0000,0.9930
3032,1.0000,1.0000,0.0021,0.9904,0.0074,0.0001,0.0037,0.0000,0.9962
3033,1.0000,1.0000,0.0043,0.9924,0.0033,0.0000,0.0027,0.0000,0.9973
3034,0.9996,0.9999,0.0047,0.9919,0.0034,0.0001,0.0198,0.0000,0.9800
3035,0.9999,0.0001,0.4776,0.4961,0.0263,0.0212,0.6277,0.0001,0.3510
3036,1.0000,1.0000,0.0083,0.9577,0.0340,0.0000,0.0043,0.0000,0.9956
3037,0.9979,1.0000,0.3323,0.6207,0.0470,0.0103,0.9676,0.0001,0.0220
3038,0.9995,1.0000,0.0003,0.9994,0.0002,0.0000,0.0009,0.0000,0.9991
3039,0.1496,0.0005,0.0000,0.9999,0.0000,0.0000,0.0000,0.0000,1.0000
3040,0.9992,0.9997,0.0827,0.3863,0.5310,0.2269,0.2074,0.0014,0.5643
3041,0.7462,1.0000,0.0373,0.0067,0.9560,0.9960,0.0001,0.0031,0.0007
3042,0.9979,1.0000,0.7866,0.0296,0.1838,0.5361,0.4295,0.0012,0.0332
3043,0.3554,1.0000,0.0002,0.9986,0.0011,0.0002,0.0258,0.0000,0.9739
3044,1.0000,1.0000,0.0146,0.7280,0.2574,0.0003,0.1963,0.0000,0.8034
3045,0.9999,0.9999,0.5413,0.3565,0.1021,0.0079,0.6127,0.0181,0.3612
3046,0.9997,0.9998,0.0016,0.9902,0.0082,0.0016,0.0744,0.0001,0.9239
3047,0.9924,1.0000,0.0095,0.9866,0.0040,0.0008,0.0133,0.0001,0.9858
3048,1.0000,1.0000,0.0003,0.9992,0.0005,0.0000,0.0000,0.0000,1.0000
3049,0.8865,1.0000,0.0052,0.9759,0.0189,0.0452,0.9119,0.0001,0.0428
3050,0.9988,1.0000,0.0441,0.8566,0.0993,0.0665,0.9301,0.0001,0.0033
3051,0.9999,0.9999,0.0032,0.9281,0.0687,0.0002,0.0454,0.0000,0.9544
3052,1.0000,0.0006,0.0157,0.9810,0.0033,0.0102,0.0818,0.0001,0.9079
3053,0.9989,0.9999,0.0145,0.0777,0.9078,0.0002,0.9655,0.0002,0.0341
3054,1.0000,1.0000,0.3235,0.1901,0.4864,0.0057,0.9938,0.0000,0.0004
3055,0.1074,0.9988,0.0007,0.9992,0.0001,0.0001,0.0042,0.0000,0.9956
3056,1.0000,1.0000,0.3213,0.5208,0.1578,0.0136,0.0050,0.0012,0.9801
3057,0.0100,0.9999,0.0004,0.9986,0.0010,0.0001,0.0011,0.0000,0.9988
3058,0.3803,1.0000,0.0002,0.9980,0.0018,0.0000,0.0000,0.0000,1.0000
3059,1.0000,1.0000,0.0079,0.9706,0.0214,0.0000,0.9993,0.0000,0.0007
3060,0.9996,0.9995,0.0244,0.3510,0.6246,0.7353,0.0585,0.0085,0.1978
3061,1.0000,1.0000,0.2390,0.7336,0.0274,0.0003,0.7694,0.0006,0.2297
3062,0.7769,1.0000,0.0004,0.9993,0.0003,0.0006,0.0297,0.0001,0.9696
3063,0.9814,0.9999,0.0304,0.2558,0.7139,0.0820,0.9161,0.0002,0.0017
3064,1.0000,1.0000,0.0017,0.9972,0.0011,0.0001,0.0109,0.0000,0.9891
3065,0.9999,0.0271,0.0856,0.9122,0.0022,0.0062,0.6930,0.0003,0.3005
3066,1.0000,1.0000,0.0015,0.9036,0.0949,0.0002,0.1180,0.0000,0.8818
3067,0.9996,1.0000,0.0108,0.6508,0.3384,0.0001,0.0448,0.0005,0.9546
3068,0.9981,1.0000,0.3583,0.2026,0.4391,0.6095,0.3508,0.0111,0.0286
3069,0.0019,0.9999,0.0006,0.9990,0.0004,0.0003,0.0033,0.0000,0.9964
3070,0.9952,0.0067,0.0008,0.9973,0.0019,0.0003,0.0131,0.0000,0.9865
3071,0.9999,0.0001,0.0016,0.9966,0.0018,0.0249,0.7321,0.0001,0.2429
3072,0.9995,1.0000,0.0358,0.9625,0.0017,0.0000,1.0000,0.0000,0.0000
3073,1.0000,1.0000,0.8556,0.0892,0.0552,0.2552,0.0181,0.0039,0.7228
3074,1.0000,0.0001,0.0011,0.9965,0.0024,0.0320,0.2469,0.0001,0.7210
3075,1.0000,1.0000,0.0000,0.9998,0.0002,0.0008,0.0073,0.0001,0.9919
3076,0.9994,1.0000,0.0022,0.0422,0.9556,0.2571,0.7423,0.0000,0.0005
3077,1.0000,1.0000,0.0013,0.9973,0.0013,0.0000,0.0010,0.0000,0.9990
3078,0.8952,1.0000,0.0008,0.9990,0.0001,0.0000,0.0169,0.0000,0.9830
3079,1.0000,0.9999,0.0352,0.9640,0.0008,0.0004,0.4898,0.0001,0.5097
3080,0.9983,0.9999,0.0028,0.9950,0.0021,0.0021,0.3062,0.0011,0.6907
3081,0.9993,0.9999,0.0115,0.9783,0.0102,0.0008,0.8954,0.0002,0.1035
3082,0.4290,1.0000,0.0003,0.9988,0.0009,0.0001,0.0438,0.0001,0.9560
3083,0.1104,1.0000,0.0002,0.9992,0.0007,0.0005,0.0033,0.0000,0.9961
3084,0.9999,0.9991,0.0730,0.4045,0.5225,0.2525,0.0470,0.0038,0.6967
3085,1.0000,1.0000,0.0003,0.9993,0.0004,0.0000,0.0004,0.0000,0.9996
3086,1.0000,1.0000,0.0036,0.9617,0.0347,0.0001,0.6774,0.0004,0.3221
3087,0.9998,0.0001,0.0004,0.9993,0.0003,0.0001,0.0260,0.0001,0.9738
3088,0.9999,1.0000,0.0118,0.9763,0.0119,0.0000,0.9983,0.0000,0.0017
3089,0.9999,0.0014,0.2478,0.7476,0.0046,0.0029,0.0089,0.0012,0.9871
3090,0.9993,0.9999,0.0414,0.0708,0.8878,0.0002,0.9646,0.0002,0.0349
3091,1.0000,1.0000,0.1129,0.7772,0.1099,0.0596,0.9231,0.0012,0.0161
3092,0.1016,1.0000,0.0012,0.9978,0.0010,0.0010,0.4344,0.0001,0.5646
3093,0.9994,1.0000,0.0009,0.9963,0.0027,0.0002,0.9789,0.0004,0.0206
3094,0.9979,1.0000,0.4817,0.1228,0.3955,0.1633,0.7943,0.0010,0.0414
3095,0.0675,1.0000,0.0027,0.9966,0.0007,0.0001,0.0010,0.0000,0.9989
3096,1.0000,1.0000,0.8341,0.1369,0.0290,0.0102,0.9564,0.0075,0.0259
3097,1.0000,1.0000,0.0002,0.9993,0.0005,0.0000,0.0006,0.0000,0.9994
3098,1.0000,0.0001,0.1800,0.7822,0.0379,0.0595,0.6755,0.0001,0.2648
3099,0.9995,1.0000,0.0058,0.9807,0.0135,0.0000,0.9992,0.0000,0.0008
3100,0.9984,0.9999,0.0027,0.9900,0.0074,0.2661,0.2296,0.0032,0.5011
3101,0.6123,0.9999,0.0316,0.9616,0.0068,0.0418,0.9019,0.0003,0.0561
3102,1.0000,1.0000,0.0046,0.8164,0.1790,0.0002,0.3690,0.0000,0.6308
3103,0.9999,1.0000,0.0002,0.9991,0.0006,0.0000,0.0031,0.0000,0.9968
3104,0.9997,0.9999,0.6163,0.3683,0.0154,0.0020,0.9740,0.0015,0.0224
3105,0.9442,0.9997,0.0001,0.9999,0.0000,0.0001,0.0016,0.0000,0.9984
3106,1.0000,1.0000,0.0474,0.9509,0.0017,0.0005,0.9532,0.0001,0.0462
3108,1.0000,1.0000,0.2001,0.7868,0.0131,0.0277,0.8497,0.0004,0.1221
3109,1.0000,0.0000,0.1082,0.8901,0.0017,0.0014,0.9499,0.0037,0.0450
3110,0.9998,1.0000,0.0124,0.9667,0.0209,0.0000,0.9996,0.0000,0.0004
3111,1.0000,0.9999,0.0103,0.7627,0.2271,0.0020,0.2081,0.0010,0.7889
3112,0.1957,0.9999,0.0013,0.9983,0.0004,0.0009,0.0046,0.0000,0.9945
3113,1.0000,1.0000,0.0003,0.9988,0.0009,0.0000,0.0001,0.0000,0.9999
3114,1.0000,1.0000,0.0039,0.9904,0.0057,0.0000,0.9595,0.0000,0.0405
3115,1.0000,1.0000,0.2408,0.7532,0.0059,0.0367,0.1193,0.0007,0.8433
3116,0.8278,0.9999,0.1182,0.0772,0.8046,0.9772,0.0003,0.0128,0.0096
3117,0.6657,0.0026,0.0000,0.9999,0.0001,0.0000,0.0001,0.0000,0.9998
3118,1.0000,1.0000,0.0006,0.9978,0.0016,0.0001,0.0064,0.0000,0.9935
3119,1.0000,1.0000,0.0098,0.0199,0.9703,0.6798,0.3192,0.0004,0.0006
3120,0.0092,0.9983,0.0001,0.9997,0.0001,0.0133,0.0179,0.0000,0.9688
3121,1.0000,1.0000,0.0067,0.9908,0.0024,0.0000,0.0003,0.0000,0.9997
3122,0.9999,1.0000,0.1788,0.1513,0.6699,0.2624,0.1643,0.0953,0.4780
3123,1.0000,1.0000,0.0108,0.9632,0.0260,0.0068,0.9925,0.0000,0.0006
3124,1.0000,1.0000,0.1197,0.3465,0.5339,0.3323,0.6612,0.0003,0.0062
3125,0.9999,1.0000,0.0119,0.9823,0.0058,0.0000,0.9999,0.0000,0.0001
3126,1.0000,1.0000,0.0123,0.9735,0.0143,0.0000,0.9831,0.0000,0.0168
3127,1.0000,1.0000,0.4469,0.1921,0.3610,0.8888,0.0327,0.0005,0.0779
3128,1.0000,1.0000,0.2450,0.7463,0.0087,0.1368,0.4638,0.0024,0.3970
3129,0.9966,0.9997,0.0144,0.1307,0.8549,0.7859,0.0061,0.0010,0.2070
3130,1.0000,1.0000,0.0230,0.9757,0.0012,0.0007,0.1443,0.0005,0.8545
3131,1.0000,1.0000,0.0002,0.9997,0.0001,0.0000,0.0005,0.0000,0.9995
3132,1.0000,1.0000,0.0038,0.9543,0.0419,0.0000,0.0001,0.0000,0.9999
3133,0.0093,0.9999,0.0019,0.0004,0.9978,1.0000,0.0000,0.0000,0.0000
3134,1.0000,1.0000,0.0227,0.9683,0.0090,0.0000,0.0018,0.0000,0.9981
3135,1.0000,1.0000,0.0255,0.9445,0.0300,0.1927,0.7589,0.0002,0.0483
3136,1.0000,1.0000,0.0029,0.9966,0.0005,0.0005,0.0361,0.0001,0.9633
3137,1.0000,0.9998,0.1834,0.6941,0.1225,0.0001,0.0299,0.0006,0.9694
3138,1.0000,0.9993,0.0490,0.7031,0.2479,0.3658,0.0439,0.0123,0.5780
3139,0.9997,1.0000,0.9268,0.0185,0.0547,0.0024,0.9975,0.0001,0.0001
3140,1.0000,1.0000,0.0066,0.9904,0.0030,0.0000,0.0020,0.0000,0.9979
3141,0.9999,0.9999,0.3372,0.4222,0.2406,0.0233,0.8371,0.0032,0.1364
3142,0.9998,0.9999,0.0393,0.9572,0.0035,0.0045,0.0022,0.0045,0.9888
3143,1.0000,1.0000,0.0019,0.9794,0.0188,0.0000,0.9999,0.0000,0.0001
3144,1.0000,0.0000,0.1545,0.8396,0.0058,0.0117,0.8870,0.0022,0.0992
3145,1.0000,1.0000,0.0022,0.9975,0.0003,0.0012,0.2018,0.0003,0.7967
3146,1.0000,1.0000,0.0001,0.9999,0.0001,0.0000,0.0000,0.0000,1.0000
3147,1.0000,1.0000,0.0002,0.9997,0.0001,0.0000,0.0000,0.0000,1.0000
3148,1.0000,1.0000,0.0544,0.9319,0.0136,0.0001,0.8991,0.0000,0.1008
3149,1.0000,1.0000,0.9170,0.0048,0.0782,0.0028,0.9971,0.0000,0.0001
3150,1.0000,1.0000,0.0020,0.5617,0.4363,0.0000,0.0047,0.0004,0.9948
3151,1.0000,1.0000,0.0001,0.9995,0.0004,0.0000,0.0002,0.0000,0.9998
3152,0.9998,0.0000,0.2396,0.7450,0.0154,0.0218,0.4369,0.0014,0.5399
3153,0.9980,0.9999,0.0002,0.9997,0.0001,0.0004,0.0006,0.0001,0.9989
3154,1.0000,1.0000,0.0295,0.9694,0.0011,0.0006,0.4344,0.0001,0.5649
3155,0.8424,1.0000,0.0010,0.9989,0.0001,0.0001,0.8612,0.0001,0.1386
3156,1.0000,1.0000,0.0040,0.9940,0.0020,0.0000,0.0029,0.0000,0.9971
3157,1.0000,1.0000,0.0088,0.5286,0.4626,0.0000,0.0004,0.0001,0.9995
3158,1.0000,1.0000,0.0000,0.9999,0.0001,0.0000,0.0000,0.0000,1.0000
3159,0.9946,1.0000,0.0048,0.9940,0.0012,0.0006,0.0265,0.0000,0.9729
3160,0.0448,0.9957,0.0830,0.0326,0.8844,0.9604,0.0002,0.0063,0.0331
3161,0.9995,1.0000,0.0007,0.9954,0.0039,0.0002,0.9336,0.0005,0.0657
3162,0.9892,1.0000,0.0037,0.9925,0.0038,0.0003,0.8728,0.0002,0.1267
3163,0.9989,1.0000,0.0437,0.6573,0.2990,0.0007,0.8759,0.0004,0.1231
3164,0.9993,0.9996,0.0066,0.2742,0.7192,0.8195,0.0097,0.0010,0.1698
3165,1.0000,1.0000,0.0102,0.8762,0.1136,0.0001,0.8930,0.0001,0.1067
3166,0.9999,0.9999,0.0204,0.0328,0.9468,0.4277,0.0037,0.0081,0.5605
3167,0.2077,1.0000,0.0011,0.9985,0.0004,0.0002,0.0288,0.0000,0.9710
3168,1.0000,1.0000,0.0026,0.9900,0.0074,0.0002,0.0715,0.0001,0.9282
3169,0.7375,1.0000,0.0003,0.9991,0.0006,0.0007,0.4566,0.0001,0.5426
3170,0.9675,0.0001,0.0003,0.9994,0.0004,0.0000,0.0029,0.0000,0.9970
3171,1.0000,0.0000,0.9352,0.0568,0.0079,0.0018,0.9916,0.0001,0.0066
3172,1.0000,1.0000,0.0016,0.9965,0.0020,0.0002,0.0537,0.0001,0.9460
3173,1.0000,1.0000,0.0009,0.9779,0.0212,0.0000,0.0030,0.0000,0.9970
3174,0.6612,0.9997,0.0002,0.9997,0.0001,0.0000,0.0005,0.0000,0.9995
3175,1.0000,0.0001,0.6877,0.3107,0.0016,0.0018,0.7467,0.0003,0.2512
3176,0.9907,1.0000,0.0008,0.9980,0.0012,0.0000,0.0020,0.0000,0.9979
3177,1.0000,1.0000,0.0015,0.9980,0.0006,0.0000,0.0007,0.0000,0.9993
3178,1.0000,1.0000,0.0004,0.9993,0.0003,0.0006,0.0155,0.0001,0.9839
3179,0.3911,1.0000,0.0151,0.0755,0.9094,0.9988,0.0001,0.0002,0.0009
3180,1.0000,1.0000,0.0068,0.0966,0.8966,0.0002,0.7430,0.0002,0.2567
3181,1.0000,1.0000,0.1982,0.7749,0.0269,0.0010,0.7854,0.0012,0.2124
3182,1.0000,1.0000,0.0000,0.9999,0.0001,0.0000,0.0000,0.0000,1.0000
3183,0.9995,0.9999,0.0183,0.2182,0.7635,0.8028,0.0054,0.0007,0.1911
3184,0.9981,1.0000,0.0204,0.9764,0.0031,0.0002,0.3146,0.0000,0.6852
3185,0.9998,0.9999,0.0003,0.9989,0.0008,0.0009,0.0223,0.0002,0.9766
3186,0.9987,1.0000,0.7180,0.0587,0.2232,0.7516,0.0399,0.0011,0.2074
3187,0.9814,1.0000,0.1173,0.8611,0.0216,0.0438,0.1238,0.0125,0.8199
3188,1.0000,1.0000,0.0068,0.6081,0.3852,0.0001,0.0101,0.0010,0.9887
3189,0.9998,1.0000,0.0022,0.9968,0.0010,0.0006,0.2498,0.0001,0.7495
3190,1.0000,1.0000,0.0772,0.7781,0.1446,0.0382,0.9594,0.0001,0.0024
3191,0.9999,1.0000,0.0000,0.9999,0.0001,0.0000,0.0000,0.0000,1.0000
3192,0.9807,1.0000,0.0038,0.9934,0.0028,0.0000,0.0005,0.0000,0.9994
3193,0.3794,0.9999,0.2071,0.1534,0.6395,0.5396,0.0271,0.0020,0.4314
3194,0.9999,1.0000,0.0046,0.3599,0.6356,0.0004,0.2719,0.0008,0.7269
3195,0.9975,1.0000,0.0635,0.8752,0.0613,0.0003,0.9285,0.0006,0.0707
3196,0.0017,0.9996,0.0178,0.0044,0.9778,0.9999,0.0000,0.0000,0.0000
3197,0.9999,1.0000,0.0000,0.9999,0.0001,0.0001,0.0001,0.0000,0.9998
3198,1.0000,1.0000,0.0042,0.4969,0.4989,0.0001,0.2053,0.0001,0.7945
3199,1.0000,1.0000,0.0211,0.8323,0.1466,0.0000,0.9997,0.0000,0.0002
3200,0.9958,1.0000,0.0102,0.9343,0.0555,0.0003,0.2618,0.0002,0.7377
3201,0.9999,1.0000,0.5094,0.1759,0.3147,0.0103,0.8551,0.0090,0.1256
3202,0.9998,1.0000,0.0387,0.7043,0.2571,0.0000,0.9956,0.0000,0.0043
3203,1.0000,1.0000,0.3067,0.5892,0.1041,0.0545,0.9240,0.0046,0.0169
3204,0.9998,1.0000,0.0804,0.0738,0.8459,0.0367,0.9631,0.0001,0.0001
3205,0.7344,1.0000,0.0221,0.9526,0.0253,0.0409,0.9514,0.0001,0.0076
3206,0.9935,1.0000,0.0018,0.9951,0.0031,0.0002,0.9740,0.0000,0.0257
3207,0.9999,1.0000,0.0040,0.4404,0.5556,0.0001,0.9684,0.0000,0.0316
3208,0.0002,1.0000,0.0010,0.9978,0.0013,0.0006,0.0001,0.0000,0.9993
3209,1.0000,1.0000,0.0907,0.7835,0.1259,0.0001,0.1842,0.0006,0.8152
3210,1.0000,1.0000,0.0008,0.8349,0.1644,0.0001,0.2224,0.0000,0.7775
3211,0.9193,0.8776,0.1502,0.6683,0.1815,0.2514,0.2744,0.0136,0.4607
3212,0.9995,1.0000,0.0016,0.9970,0.0014,0.0004,0.0173,0.0000,0.9823
3213,1.0000,1.0000,0.0222,0.9752,0.0026,0.0001,0.1925,0.0002,0.8072
3214,0.8761,1.0000,0.0012,0.9986,0.0002,0.0001,0.0093,0.0000,0.9906
3215,0.6529,0.9999,0.8230,0.0671,0.1099,0.1791,0.1027,0.0022,0.7160
3216,1.0000,1.0000,0.2084,0.0564,0.7352,0.0542,0.9456,0.0001,0.0001
3217,0.9999,1.0000,0.0084,0.8715,0.1200,0.0002,0.8030,0.0008,0.1959
3218,1.0000,1.0000,0.0000,0.9999,0.0001,0.0000,0.0000,0.0000,1.0000
3219,0.9999,1.0000,0.2664,0.2690,0.4646,0.0118,0.9882,0.0000,0.0000
3220,1.0000,1.0000,0.0076,0.9914,0.0010,0.0003,0.0257,0.0001,0.9740
3221,1.0000,1.0000,0.0044,0.0044,0.9912,0.3003,0.6994,0.0002,0.0001
3222,0.9988,0.0001,0.0010,0.9977,0.0013,0.0008,0.0131,0.0001,0.9860
3223,1.0000,1.0000,0.0530,0.9408,0.0062,0.0004,0.2175,0.0004,0.7818
3224,1.0000,1.0000,0.0268,0.9724,0.0009,0.0001,0.9893,0.0000,0.0106
3225,1.0000,1.0000,0.0008,0.9980,0.0011,0.0003,0.0316,0.0000,0.9681
3226,0.9995,0.9999,0.2878,0.6847,0.0275,0.0049,0.9870,0.0007,0.0075
3227,1.0000,0.9997,0.0009,0.9912,0.0079,0.0001,0.3236,0.0000,0.6762
3228,1.0000,1.0000,0.0178,0.9805,0.0017,0.0001,0.0458,0.0000,0.9541
3229,0.9996,1.0000,0.0293,0.4664,0.5043,0.2827,0.0105,0.0005,0.7064
3230,1.0000,0.0019,0.0574,0.9065,0.0360,0.1372,0.4612,0.0005,0.4010
3231,0.9999,1.0000,0.0024,0.9711,0.0266,0.0001,0.1244,0.0000,0.8755
3232,1.0000,1.0000,0.0180,0.9609,0.0211,0.0000,0.9964,0.0000,0.0035
3233,1.0000,1.0000,0.4184,0.4468,0.1348,0.0410,0.9504,0.0007,0.0079
3234,0.1063,1.0000,0.0015,0.9976,0.0009,0.0001,0.0011,0.0000,0.9988
3235,0.0100,1.0000,0.0421,0.0049,0.9530,0.9999,0.0000,0.0000,0.0001
3236,0.9957,1.0000,0.0002,0.9997,0.0001,0.0000,0.0002,0.0000,0.9998
3237,0.9965,0.0001,0.0002,0.9994,0.0004,0.0004,0.0075,0.0000,0.9920
3238,1.0000,0.0000,0.3261,0.6674,0.0064,0.0022,0.7148,0.0001,0.2829
3239,0.9975,1.0000,0.0029,0.9969,0.0003,0.0000,0.0040,0.0000,0.9959
3240,0.9995,1.0000,0.0011,0.0673,0.9316,0.9997,0.0000,0.0000,0.0002
3241,0.0679,0.9999,0.0001,0.9998,0.0001,0.0001,0.0065,0.0000,0.9934
3242,1.0000,1.0000,0.0039,0.5882,0.4079,0.0002,0.1352,0.0004,0.8641
3243,1.0000,1.0000,0.0295,0.9697,0.0009,0.0004,0.8977,0.0001,0.1018
3244,1.0000,1.0000,0.9145,0.0836,0.0019,0.0084,0.8138,0.0032,0.1746
3245,0.9999,0.9999,0.3566,0.5973,0.0461,0.0031,0.9969,0.0000,0.0000
3246,1.0000,1.0000,0.0023,0.9960,0.0017,0.0000,0.9991,0.0000,0.0008
3247,0.0208,1.0000,0.0001,0.9998,0.0001,0.0000,0.0051,0.0000,0.9948
3248,0.9998,0.0001,0.0007,0.9985,0.0008,0.0001,0.0344,0.0001,0.9654
3249,1.0000,1.0000,0.0031,0.9964,0.0005,0.0001,0.0880,0.0000,0.9118
3250,1.0000,1.0000,0.0055,0.9847,0.0097,0.0000,0.0071,0.0000,0.9928
3251,1.0000,1.0000,0.0207,0.9720,0.0073,0.0001,0.0188,0.0002,0.9810
3252,0.6204,1.0000,0.0354,0.9495,0.0150,0.0694,0.9004,0.0004,0.0299
3253,0.9999,0.9999,0.0056,0.6864,0.3079,0.4663,0.0113,0.0008,0.5216
3254,1.0000,1.0000,0.0095,0.1943,0.7962,0.0001,0.0807,0.0001,0.9191
3255,0.0044,0.9999,0.0000,0.9997,0.0003,0.0000,0.0002,0.0000,0.9997
3256,1.0000,0.0001,0.0002,0.9995,0.0003,0.0000,0.0028,0.0000,0.9972
3257,0.4556,1.0000,0.0021,0.9958,0.0021,0.0000,0.0007,0.0000,0.9993
3258,0.9999,0.0009,0.0508,0.9417,0.0075,0.0053,0.0292,0.1163,0.8493
3259,0.9946,1.0000,0.3354,0.0361,0.6284,0.6654,0.3224,0.0006,0.0117
3260,1.0000,0.9999,0.8606,0.0802,0.0593,0.0034,0.9953,0.0001,0.0011
3261,1.0000,1.0000,0.6077,0.0459,0.3464,0.4327,0.3866,0.0100,0.1707
3262,0.0146,1.0000,0.0000,0.9998,0.0002,0.0000,0.0000,0.0000,1.0000
3263,1.0000,1.0000,0.0082,0.9913,0.0004,0.0011,0.1712,0.0002,0.8275
3264,0.0555,0.0323,0.0000,1.0000,0.0000,0.0000,0.0000,0.0000,1.0000
3265,0.9616,0.0001,0.5433,0.3922,0.0645,0.0498,0.5284,0.0275,0.3943
3266,0.0209,1.0000,0.0001,0.9997,0.0001,0.0000,0.0000,0.0000,0.9999
3267,0.8873,1.0000,0.0001,0.9998,0.0000,0.0000,0.0004,0.0000,0.9996
3268,0.9993,1.0000,0.4039,0.5450,0.0511,0.0067,0.9865,0.0003,0.0064
3269,1.0000,1.0000,0.0025,0.9903,0.0072,0.0000,0.9959,0.0000,0.0041
3270,0.9999,1.0000,0.0004,0.9993,0.0003,0.0000,0.0004,0.0000,0.9996
3271,0.9980,1.0000,0.7601,0.2291,0.0108,0.0049,0.9484,0.0061,0.0406
3272,0.9999,0.0000,0.1440,0.8541,0.0019,0.0031,0.8878,0.0005,0.1087
3273,0.1896,0.9998,0.0051,0.9924,0.0026,0.0007,0.4847,0.0001,0.5145
3274,0.9997,1.0000,0.0054,0.9924,0.0022,0.0000,0.9925,0.0000,0.0074
3275,1.0000,1.0000,0.0510,0.4058,0.5432,0.5701,0.0189,0.0079,0.4031
3276,1.0000,1.0000,0.1816,0.8173,0.0011,0.0004,0.9148,0.0000,0.0848
3278,0.9874,1.0000,0.0002,0.1639,0.8359,0.9404,0.0242,0.0006,0.0347
3279,0.9999,0.0001,0.0216,0.9681,0.0103,0.0001,0.1587,0.0003,0.8409
3280,1.0000,1.0000,0.0002,0.0018,0.9979,0.0002,0.6601,0.0001,0.3396
3281,0.9998,1.0000,0.0218,0.9533,0.0249,0.0000,0.9999,0.0000,0.0001
3282,0.0068,0.9988,0.0025,0.0005,0.9969,0.9992,0.0005,0.0002,0.0001
3283,1.0000,1.0000,0.9764,0.0227,0.0009,0.0016,0.9759,0.0018,0.0206
3284,0.9998,0.9998,0.0362,0.3907,0.5731,0.1912,0.0031,0.0002,0.8056
3285,0.9999,1.0000,0.7939,0.0566,0.1495,0.0115,0.9880,0.0002,0.0003
3286,0.9743,1.0000,0.0079,0.9916,0.0005,0.0060,0.0354,0.0016,0.9571
3287,0.9999,1.0000,0.0002,0.9994,0.0004,0.0001,0.0446,0.0002,0.9551
3288,0.0897,0.9416,0.0447,0.0030,0.9523,0.9995,0.0003,0.0002,0.0001
3289,1.0000,1.0000,0.6386,0.3338,0.0276,0.2190,0.1400,0.0791,0.5619
3290,0.7513,1.0000,0.0048,0.9936,0.0016,0.4009,0.4125,0.0005,0.1861
3291,0.2897,0.0022,0.0000,0.9999,0.0000,0.0000,0.0001,0.0000,0.9999
3292,1.0000,1.0000,0.0036,0.7010,0.2954,0.0001,0.9167,0.0002,0.0829
3293,1.0000,0.9911,0.3358,0.4080,0.2562,0.0377,0.0043,0.0004,0.9576
3294,0.9999,1.0000,0.0002,0.9998,0.0000,0.0000,0.0000,0.0000,1.0000
3295,1.0000,1.0000,0.0043,0.9917,0.0040,0.0003,0.5611,0.0001,0.4385
3296,1.0000,1.0000,0.0007,0.9961,0.0032,0.0001,0.0013,0.0000,0.9986
3297,0.9663,1.0000,0.4632,0.2086,0.3282,0.0123,0.9876,0.0000,0.0002
3298,1.0000,0.0000,0.3093,0.6786,0.0121,0.0561,0.2934,0.0010,0.6495
3299,0.9924,1.0000,0.0115,0.9876,0.0010,0.0000,0.9980,0.0000,0.0020
3300,0.9963,1.0000,0.0404,0.3843,0.5752,0.0005,0.3223,0.0009,0.6763
3301,0.9607,1.0000,0.0317,0.0248,0.9436,0.9713,0.0004,0.0199,0.0084
3302,0.9988,0.9999,0.2186,0.5765,0.2049,0.1267,0.8479,0.0079,0.0175
3303,1.0000,1.0000,0.0027,0.9964,0.0008,0.0000,0.0000,0.0000,1.0000
3304,0.2154,0.9999,0.0003,0.9995,0.0002,0.0003,0.0054,0.0000,0.9943
3305,0.9994,0.9999,0.7469,0.1610,0.0922,0.0069,0.5662,0.0187,0.4082
3306,0.9997,0.9999,0.0101,0.9189,0.0710,0.0001,0.0738,0.0000,0.9261
3307,1.0000,1.0000,0.8290,0.1652,0.0057,0.0076,0.9019,0.0079,0.0827
3308,1.0000,1.0000,0.0369,0.9425,0.0206,0.0000,0.0001,0.0000,0.9999
3309,1.0000,1.0000,0.0074,0.9892,0.0034,0.0000,0.9959,0.0000,0.0040
3310,1.0000,0.0000,0.0113,0.9842,0.0045,0.0131,0.5492,0.0002,0.4375
3311,0.6622,1.0000,0.0035,0.9958,0.0007,0.0000,0.0023,0.0000,0.9976
3312,0.0782,1.0000,0.0112,0.0024,0.9865,0.9998,0.0001,0.0000,0.0000
3313,1.0000,1.0000,0.0035,0.9962,0.0003,0.0001,0.9859,0.0000,0.0140
3314,1.0000,1.0000,0.0085,0.8672,0.1243,0.0002,0.0105,0.0002,0.9892
3315,0.0885,1.0000,0.0003,0.9995,0.0002,0.0000,0.0040,0.0000,0.9960
3316,0.9996,1.0000,0.0166,0.6511,0.3322,0.0001,0.9847,0.0002,0.0150
3317,0.7906,1.0000,0.0075,0.9907,0.0018,0.0008,0.5897,0.0000,0.4095
3318,0.9809,1.0000,0.0039,0.9891,0.0070,0.0001,0.0054,0.0002,0.9944
3319,1.0000,1.0000,0.1348,0.2618,0.6034,0.8048,0.1906,0.0012,0.0035
3320,1.0000,1.0000,0.1213,0.8589,0.0198,0.0797,0.8369,0.0015,0.0820
3321,1.0000,1.0000,0.0015,0.9975,0.0010,0.0000,0.0016,0.0000,0.9984
3322,0.9998,1.0000,0.2913,0.1483,0.5604,0.0523,0.9474,0.0000,0.0003
3323,1.0000,1.0000,0.0094,0.4057,0.5849,0.0003,0.7944,0.0008,0.2045
3324,0.9980,0.0001,0.0026,0.9970,0.0004,0.0058,0.3017,0.0002,0.6923
3325,0.3740,0.9999,0.1759,0.7446,0.0794,0.0969,0.8503,0.0002,0.0527
3326,0.9954,0.9999,0.6549,0.0107,0.3344,0.8566,0.1347,0.0004,0.0083
3327,0.9995,1.0000,0.0005,0.9977,0.0018,0.0002,0.0540,0.0002,0.9457
3328,0.1969,0.0002,0.0000,0.9999,0.0000,0.0000,0.0001,0.0000,0.9999
3329,0.3890,0.0002,0.2325,0.7110,0.0565,0.2046,0.0222,0.0116,0.7617
3330,1.0000,1.0000,0.6928,0.1060,0.2012,0.7622,0.0447,0.0011,0.1920
3331,0.9998,1.0000,0.1197,0.0639,0.8163,0.0258,0.9741,0.0001,0.0000
3332,1.0000,1.0000,0.0016,0.0623,0.9360,0.0001,0.7828,0.0001,0.2170
3333,1.0000,1.0000,0.0028,0.0116,0.9856,0.0001,0.9450,0.0001,0.0548
3334,0.9999,1.0000,0.6695,0.0866,0.2438,0.0178,0.9818,0.0001,0.0004
3335,0.9994,1.0000,0.0477,0.0377,0.9146,0.8519,0.0017,0.0119,0.1345
3336,1.0000,1.0000,0.9120,0.0805,0.0075,0.0200,0.9256,0.0085,0.0459
3337,0.5694,0.0093,0.0001,0.9998,0.0001,0.0001,0.0003,0.0000,0.9995
3338,0.9306,0.9999,0.0113,0.0052,0.9835,0.9856,0.0005,0.0108,0.0031
3339,0.9996,0.9999,0.5625,0.2881,0.1494,0.0112,0.9886,0.0000,0.0001
3340,1.0000,0.0044,0.2316,0.7562,0.0122,0.0000,0.9679,0.0000,0.0321
3341,0.9988,1.0000,0.0072,0.9920,0.0008,0.0034,0.0211,0.0012,0.9743
3342,0.9911,1.0000,0.2713,0.0154,0.7133,0.3490,0.6352,0.0032,0.0126
3343,0.9949,1.0000,0.0005,0.9975,0.0019,0.0001,0.9298,0.0000,0.0701
3344,1.0000,1.0000,0.0510,0.9475,0.0015,0.0002,0.7000,0.0001,0.2997
3345,0.9981,0.9995,0.0371,0.1184,0.8445,0.8002,0.0119,0.0007,0.1872
3346,1.0000,0.0008,0.0153,0.9800,0.0047,0.0001,0.8007,0.0001,0.1991
3347,1.0000,1.0000,0.0006,0.9954,0.0039,0.0000,0.0001,0.0000,0.9999
3348,0.9972,0.0000,0.0965,0.8951,0.0083,0.0132,0.8196,0.0003,0.1669
3349,0.9999,1.0000,0.0044,0.9181,0.0776,0.0001,0.4113,0.0000,0.5886
3350,0.6080,1.0000,0.0001,0.9991,0.0009,0.0000,0.0001,0.0000,0.9999
3351,1.0000,1.0000,0.0006,0.9993,0.0001,0.0000,0.0002,0.0000,0.9998
3352,1.0000,0.9999,0.4686,0.0325,0.4989,0.2905,0.7050,0.0023,0.0022
3353,1.0000,1.0000,0.0008,0.0893,0.9099,0.0001,0.9420,0.0000,0.0578
3354,1.0000,1.0000,0.0032,0.9452,0.0516,0.0001,0.1223,0.0000,0.8776
3355,1.0000,1.0000,0.0184,0.8462,0.1354,0.0000,0.0016,0.0000,0.9983
3356,1.0000,1.0000,0.0039,0.9946,0.0016,0.0001,0.0117,0.0000,0.9882
3357,0.9999,1.0000,0.0017,0.9969,0.0014,0.0004,0.2362,0.0005,0.7629
3358,1.0000,1.0000,0.0127,0.9751,0.0122,0.0000,0.0099,0.0001,0.9899
3359,0.0617,1.0000,0.0003,0.9994,0.0003,0.0000,0.0008,0.0000,0.9991
3360,1.0000,1.0000,0.0014,0.9946,0.0040,0.0000,0.0009,0.0000,0.9990
3361,0.9849,1.0000,0.3841,0.0764,0.5395,0.9372,0.0413,0.0003,0.0212
3362,1.0000,1.0000,0.3802,0.5159,0.1039,0.6259,0.0358,0.0036,0.3347
3363,1.0000,1.0000,0.0003,0.9993,0.0004,0.0002,0.0025,0.0000,0.9973
3364,1.0000,1.0000,0.0089,0.3396,0.6516,0.0002,0.8616,0.0001,0.1381
3365,1.0000,0.9999,0.0683,0.3781,0.5537,0.0524,0.9469,0.0001,0.0006
3366,0.9589,0.0001,0.0000,1.0000,0.0000,0.0000,0.0003,0.0000,0.9996
3367,0.9994,1.0000,0.0003,0.9996,0.0001,0.0000,0.0001,0.0000,0.9999
3368,1.0000,1.0000,0.0090,0.7989,0.1922,0.0001,0.1228,0.0006,0.8765
3369,0.9994,0.9999,0.0122,0.9839,0.0039,0.0016,0.9112,0.0002,0.0870
3370,1.0000,1.0000,0.0028,0.9957,0.0015,0.0000,0.0015,0.0000,0.9985
3371,1.0000,1.0000,0.0330,0.9614,0.0056,0.0000,0.0065,0.0000,0.9935
3372,0.7924,0.9998,0.0040,0.8352,0.1608,0.6763,0.0046,0.0013,0.3178
3373,1.0000,1.0000,0.0055,0.9424,0.0521,0.0000,0.0064,0.0000,0.9936
3374,0.9986,1.0000,0.1946,0.6871,0.1184,0.0050,0.0652,0.0010,0.9289
3375,0.9995,1.0000,0.0082,0.9910,0.0008,0.0000,0.9993,0.0000,0.0007
3376,1.0000,1.0000,0.0004,0.9982,0.0014,0.0000,0.0022,0.0000,0.9977
3377,1.0000,1.0000,0.0110,0.9736,0.0154,0.0003,0.3749,0.0000,0.6248
3378,0.9626,1.0000,0.0017,0.9980,0.0003,0.0001,0.0017,0.0000,0.9982
3379,1.0000,1.0000,0.0036,0.0802,0.9162,0.0001,0.9770,0.0000,0.0229
3380,1.0000,1.0000,0.0849,0.8974,0.0178,0.1858,0.3060,0.0021,0.5060
3381,0.9999,0.9998,0.0258,0.1386,0.8356,0.9530,0.0399,0.0042,0.0029
3382,1.0000,1.0000,0.0628,0.0592,0.8779,0.1534,0.8459,0.0003,0.0004
3383,1.0000,0.9896,0.0222,0.6214,0.3564,0.8965,0.0033,0.0014,0.0988
3384,0.9980,1.0000,0.0144,0.1979,0.7877,0.0977,0.9016,0.0000,0.0007
3385,1.0000,1.0000,0.0001,0.9991,0.0008,0.0000,0.0001,0.0000,0.9999
3386,0.9998,0.0000,0.2359,0.7597,0.0044,0.0332,0.7482,0.0218,0.1968
3387,0.8505,1.0000,0.0010,0.9976,0.0015,0.0035,0.9939,0.0002,0.0024
3388,1.0000,0.9850,0.1260,0.4501,0.4239,0.4548,0.0175,0.0031,0.5246
3389,0.9985,1.0000,0.0079,0.9915,0.0006,0.0001,0.0866,0.0000,0.9133
3390,0.0324,1.0000,0.0001,0.9998,0.0001,0.0000,0.0003,0.0000,0.9997
3391,1.0000,1.0000,0.0135,0.3242,0.6623,0.0001,0.9730,0.0002,0.0268
3392,0.9999,1.0000,0.0059,0.9885,0.0056,0.0000,0.9898,0.0000,0.0102
3393,0.4219,1.0000,0.0012,0.9986,0.0002,0.0000,0.0012,0.0000,0.9988
3394,1.0000,0.9575,0.3545,0.5621,0.0834,0.1116,0.0120,0.0238,0.8526
3395,0.3976,0.0001,0.0003,0.9989,0.0008,0.0000,0.0003,0.0000,0.9997
3396,0.9996,0.0000,0.0009,0.9982,0.0009,0.0001,0.0443,0.0001,0.9555
3397,1.0000,1.0000,0.0002,0.9989,0.0009,0.0001,0.0239,0.0000,0.9760
3398,1.0000,0.9994,0.0227,0.9690,0.0083,0.0001,0.0096,0.0003,0.9900
3399,0.9999,1.0000,0.0051,0.9939,0.0009,0.0001,0.0060,0.0000,0.9938
3400,0.9691,0.0001,0.0000,0.9999,0.0001,0.0000,0.0002,0.0000,0.9998
3401,0.9325,0.0108,0.0001,0.9999,0.0001,0.0000,0.0000,0.0000,1.0000
3402,0.2052,0.9985,0.0005,0.9994,0.0001,0.0004,0.0038,0.0000,0.9957
3403,0.9999,1.0000,0.0669,0.7137,0.2194,0.0906,0.9079,0.0006,0.0009
3404,1.0000,1.0000,0.5177,0.0684,0.4139,0.4543,0.5368,0.0001,0.0088
3405,1.0000,1.0000,0.0034,0.9964,0.0002,0.0000,0.0002,0.0000,0.9998
3406,0.9994,0.0001,0.0029,0.9938,0.0032,0.0003,0.1311,0.0002,0.8684
3407,1.0000,1.0000,0.0001,0.9996,0.0003,0.0001,0.0005,0.0000,0.9994
3408,1.0000,1.0000,0.0088,0.9804,0.0108,0.0001,0.7750,0.0000,0.2249
3409,0.9998,1.0000,0.5480,0.4037,0.0483,0.0050,0.9922,0.0003,0.0025
3410,1.0000,1.0000,0.0121,0.9502,0.0377,0.0000,0.9975,0.0000,0.0025
3411,1.0000,1.0000,0.0567,0.9424,0.0008,0.0002,0.9567,0.0000,0.0430
